Timestamp,TotalGazeTime,IsGazing,EyeClosed,FocusPosition,BallColor,BallScale,TriggerCount,BallToggleCount
2025-01-07 11:11:02,0.00,False,False,None,Yellow,(0.05, 0.05, 0.05),0,0
2025-01-07 11:11:02,0.00,False,False,None,Yellow,(0.05, 0.05, 0.05),0,0
2025-01-07 11:11:02,0.03,True,False,(-2.92, 0.65, -0.59),Yellow,(0.05, 0.05, 0.05),1,0
2025-01-07 11:11:02,0.04,True,False,(-2.83, 0.61, -0.65),Yellow,(0.05, 0.05, 0.05),1,0
2025-01-07 11:11:02,0.06,True,False,(-2.83, 0.61, -0.64),Yellow,(0.05, 0.05, 0.05),1,0
2025-01-07 11:11:02,0.07,True,False,(-2.83, 0.59, -0.64),Yellow,(0.05, 0.05, 0.05),1,0
2025-01-07 11:11:02,0.08,True,False,(-2.83, 0.59, -0.65),Yellow,(0.05, 0.05, 0.05),1,0
2025-01-07 11:11:02,0.10,True,False,(-2.83, 0.59, -0.65),Yellow,(0.05, 0.05, 0.05),1,0
2025-01-07 11:11:02,0.11,True,False,(-2.83, 0.59, -0.65),Yellow,(0.05, 0.05, 0.05),1,0
2025-01-07 11:11:02,0.12,True,False,(-2.83, 0.59, -0.66),Yellow,(0.05, 0.05, 0.05),1,0
2025-01-07 11:11:02,0.14,True,False,(-2.92, 0.62, -0.59),Yellow,(0.05, 0.05, 0.05),1,0
2025-01-07 11:11:02,0.15,True,False,(-2.92, 0.62, -0.59),Yellow,(0.05, 0.05, 0.05),1,0
2025-01-07 11:11:02,0.17,True,False,(-2.93, 0.62, -0.59),Yellow,(0.05, 0.05, 0.05),1,0
2025-01-07 11:11:02,0.18,True,False,(-2.93, 0.63, -0.59),Yellow,(0.05, 0.05, 0.05),1,0
2025-01-07 11:11:02,0.19,True,False,(-2.94, 0.62, -0.59),Yellow,(0.05, 0.05, 0.05),1,0
2025-01-07 11:11:02,0.21,True,False,(-2.95, 0.62, -0.59),Yellow,(0.05, 0.05, 0.05),1,0
2025-01-07 11:11:02,0.22,True,False,(-2.96, 0.62, -0.59),Yellow,(0.05, 0.05, 0.05),1,0
2025-01-07 11:11:02,0.23,True,False,(-2.96, 0.61, -0.59),Yellow,(0.05, 0.05, 0.05),1,0
2025-01-07 11:11:02,0.25,True,False,(-2.97, 0.60, -0.59),Yellow,(0.05, 0.05, 0.05),1,0
2025-01-07 11:11:02,0.26,True,False,(-2.98, 0.59, -0.59),Yellow,(0.05, 0.05, 0.05),1,0
2025-01-07 11:11:02,0.28,True,False,(-2.99, 0.58, -0.59),Yellow,(0.05, 0.05, 0.05),1,0
2025-01-07 11:11:02,0.29,True,False,(-3.00, 0.58, -0.59),Yellow,(0.05, 0.05, 0.05),1,0
2025-01-07 11:11:02,0.30,True,False,(-2.90, 0.53, -0.69),Yellow,(0.05, 0.05, 0.05),1,0
2025-01-07 11:11:02,0.32,True,False,(-2.93, 0.53, -0.68),Yellow,(0.05, 0.05, 0.05),1,0
2025-01-07 11:11:03,0.33,True,False,(-2.95, 0.53, -0.67),Yellow,(0.05, 0.05, 0.05),1,0
2025-01-07 11:11:03,0.34,True,False,(-2.97, 0.53, -0.67),Yellow,(0.05, 0.05, 0.05),1,0
2025-01-07 11:11:03,0.36,True,False,(-2.99, 0.53, -0.67),Yellow,(0.05, 0.05, 0.05),1,0
2025-01-07 11:11:03,0.37,True,False,(-3.01, 0.53, -0.68),Yellow,(0.05, 0.05, 0.05),1,0
2025-01-07 11:11:03,0.39,True,False,(-3.03, 0.53, -0.68),Yellow,(0.05, 0.05, 0.05),1,0
2025-01-07 11:11:03,0.40,True,False,(-3.06, 0.53, -0.68),Yellow,(0.05, 0.05, 0.05),1,0
2025-01-07 11:11:03,0.41,True,False,(-3.07, 0.53, -0.69),Yellow,(0.05, 0.05, 0.05),1,0
2025-01-07 11:11:03,0.43,True,False,(-3.07, 0.52, -0.72),Yellow,(0.05, 0.05, 0.05),1,0
2025-01-07 11:11:03,0.44,True,False,(-2.83, 0.42, -0.98),Yellow,(0.05, 0.05, 0.05),1,0
2025-01-07 11:11:03,0.46,True,False,(-2.83, 0.41, -1.02),Yellow,(0.05, 0.05, 0.05),1,0
2025-01-07 11:11:03,0.47,True,False,(-2.83, 0.40, -1.07),Yellow,(0.05, 0.05, 0.05),1,0
2025-01-07 11:11:03,0.48,True,False,(-2.83, 0.39, -1.12),Yellow,(0.05, 0.05, 0.05),1,0
2025-01-07 11:11:03,0.50,True,False,(-2.83, 0.37, -1.17),Yellow,(0.05, 0.05, 0.05),1,0
2025-01-07 11:11:03,0.51,True,False,(-2.83, 0.35, -1.23),Yellow,(0.05, 0.05, 0.05),1,0
2025-01-07 11:11:03,0.52,True,False,(-2.94, 0.37, -1.20),Yellow,(0.05, 0.05, 0.05),1,0
2025-01-07 11:11:03,0.54,True,False,(-3.02, 0.38, -1.20),Yellow,(0.05, 0.05, 0.05),1,0
2025-01-07 11:11:03,0.55,True,False,(-3.03, 0.36, -1.28),Yellow,(0.05, 0.05, 0.05),1,0
2025-01-07 11:11:03,0.57,True,False,(-2.83, 0.24, -1.64),Yellow,(0.05, 0.05, 0.05),1,0
2025-01-07 11:11:03,0.58,True,False,(-2.83, 0.18, -1.78),Yellow,(0.05, 0.05, 0.05),1,0
2025-01-07 11:11:03,0.60,True,False,(-2.83, 0.14, -1.93),Yellow,(0.05, 0.05, 0.05),1,0
2025-01-07 11:11:03,0.61,True,False,(-2.83, 0.32, -1.71),Yellow,(0.05, 0.05, 0.05),1,0
2025-01-07 11:11:03,0.62,True,False,(-2.83, 0.28, -1.87),Yellow,(0.05, 0.05, 0.05),1,0
2025-01-07 11:11:03,0.64,True,False,(-2.83, 0.24, -2.04),Yellow,(0.05, 0.05, 0.05),1,0
2025-01-07 11:11:03,0.65,True,False,(-2.83, 0.19, -2.26),Yellow,(0.05, 0.05, 0.05),1,0
2025-01-07 11:11:03,0.66,True,False,(-2.83, 0.08, -2.53),Yellow,(0.05, 0.05, 0.05),1,0
2025-01-07 11:11:03,0.68,True,False,(-2.90, 0.05, -2.69),Yellow,(0.05, 0.05, 0.05),1,0
2025-01-07 11:11:03,0.69,True,False,(-3.02, 0.05, -2.74),Yellow,(0.05, 0.05, 0.05),1,0
2025-01-07 11:11:03,0.71,True,False,(-3.94, 0.05, -2.70),Yellow,(0.05, 0.05, 0.05),1,0
2025-01-07 11:11:03,0.72,True,False,(-4.65, 0.82, -0.25),Yellow,(0.05, 0.05, 0.05),1,0
2025-01-07 11:11:03,0.73,True,False,(-4.90, 0.82, -0.26),Yellow,(0.05, 0.05, 0.05),1,0
2025-01-07 11:11:03,0.75,True,False,(-4.96, 1.20, 0.98),Yellow,(0.05, 0.05, 0.05),1,0
2025-01-07 11:11:03,0.76,True,False,(-4.96, 1.20, 0.98),Yellow,(0.05, 0.05, 0.05),1,0
2025-01-07 11:11:03,0.78,True,False,(-5.07, 0.82, -0.21),Yellow,(0.05, 0.05, 0.05),1,0
2025-01-07 11:11:03,0.79,True,False,(-5.11, 0.82, -0.23),Yellow,(0.05, 0.05, 0.05),1,0
2025-01-07 11:11:03,0.80,True,False,(-5.14, 0.82, -0.20),Yellow,(0.05, 0.05, 0.05),1,0
2025-01-07 11:11:03,0.82,True,False,(-5.18, 0.82, -0.20),Yellow,(0.05, 0.05, 0.05),1,0
2025-01-07 11:11:03,0.83,True,False,(-5.22, 0.82, -0.20),Yellow,(0.05, 0.05, 0.05),1,0
2025-01-07 11:11:03,0.85,True,False,(-5.18, 0.82, -0.20),Yellow,(0.05, 0.05, 0.05),1,0
2025-01-07 11:11:03,0.86,True,False,(-5.22, 0.82, -0.20),Yellow,(0.05, 0.05, 0.05),1,0
2025-01-07 11:11:03,0.87,True,False,(-5.14, 0.82, -0.19),Yellow,(0.05, 0.05, 0.05),1,0
2025-01-07 11:11:03,0.89,True,False,(-5.17, 0.82, -0.19),Yellow,(0.05, 0.05, 0.05),1,0
2025-01-07 11:11:03,0.90,True,False,(-5.13, 0.82, -0.20),Yellow,(0.05, 0.05, 0.05),1,0
2025-01-07 11:11:03,0.92,True,False,(-5.16, 0.82, -0.20),Yellow,(0.05, 0.05, 0.05),1,0
2025-01-07 11:11:03,0.93,True,False,(-5.20, 0.82, -0.20),Yellow,(0.05, 0.05, 0.05),1,0
2025-01-07 11:11:03,0.94,True,False,(-5.16, 0.82, -0.15),Yellow,(0.05, 0.05, 0.05),1,0
2025-01-07 11:11:03,0.96,True,False,(-5.19, 0.82, -0.14),Yellow,(0.05, 0.05, 0.05),1,0
2025-01-07 11:11:03,0.97,True,False,(-5.20, 0.82, -0.01),Yellow,(0.05, 0.05, 0.05),1,0
2025-01-07 11:11:03,0.98,True,False,(-5.23, 0.82, -0.01),Yellow,(0.05, 0.05, 0.05),1,0
2025-01-07 11:11:03,1.00,True,False,(-5.27, 0.82, -0.03),Yellow,(0.05, 0.05, 0.05),1,0
2025-01-07 11:11:03,1.01,True,False,(-5.37, 0.73, 0.17),Yellow,(0.05, 0.05, 0.05),1,0
2025-01-07 11:11:03,1.03,True,False,(-5.40, 0.74, 0.17),Yellow,(0.05, 0.05, 0.05),1,0
2025-01-07 11:11:03,1.04,True,False,(-6.18, 0.05, -0.78),Yellow,(0.05, 0.05, 0.05),1,0
2025-01-07 11:11:03,1.06,True,False,(-6.27, 0.05, -0.82),Yellow,(0.05, 0.05, 0.05),1,0
2025-01-07 11:11:03,1.07,True,False,(-6.30, 0.05, -0.80),Yellow,(0.05, 0.05, 0.05),1,0
2025-01-07 11:11:03,1.08,True,False,(-6.39, 0.05, -0.83),Yellow,(0.05, 0.05, 0.05),1,0
2025-01-07 11:11:03,1.10,True,False,(-6.48, 0.05, -0.88),Yellow,(0.05, 0.05, 0.05),1,0
2025-01-07 11:11:03,1.11,True,False,(-6.39, 0.05, -0.89),Yellow,(0.05, 0.05, 0.05),1,0
2025-01-07 11:11:03,1.12,True,False,(-5.06, 1.23, 1.01),Yellow,(0.05, 0.05, 0.05),1,0
2025-01-07 11:11:03,1.14,True,False,(-5.06, 1.23, 1.01),Yellow,(0.05, 0.05, 0.05),1,0
2025-01-07 11:11:03,1.15,True,False,(-5.06, 1.23, 1.01),Yellow,(0.05, 0.05, 0.05),1,0
2025-01-07 11:11:03,1.17,True,False,(-5.06, 1.23, 1.01),Yellow,(0.05, 0.05, 0.05),1,0
2025-01-07 11:11:03,1.18,True,False,(-5.07, 1.23, 1.01),Yellow,(0.05, 0.05, 0.05),1,0
2025-01-07 11:11:03,1.19,True,False,(-5.07, 1.23, 1.01),Yellow,(0.05, 0.05, 0.05),1,0
2025-01-07 11:11:03,1.21,True,False,(-5.07, 1.23, 1.01),Yellow,(0.05, 0.05, 0.05),1,0
2025-01-07 11:11:03,1.22,True,False,(-5.07, 1.23, 1.01),Yellow,(0.05, 0.05, 0.05),1,0
2025-01-07 11:11:03,1.24,True,False,(-5.08, 1.23, 1.01),Yellow,(0.05, 0.05, 0.05),1,0
2025-01-07 11:11:03,1.25,True,False,(-5.08, 1.24, 1.01),Yellow,(0.05, 0.05, 0.05),1,0
2025-01-07 11:11:03,1.26,True,False,(-5.08, 1.24, 1.01),Yellow,(0.05, 0.05, 0.05),1,0
2025-01-07 11:11:03,1.28,True,False,(-5.08, 1.24, 1.01),Yellow,(0.05, 0.05, 0.05),1,0
2025-01-07 11:11:03,1.29,True,False,(-5.08, 1.24, 1.01),Yellow,(0.05, 0.05, 0.05),1,0
2025-01-07 11:11:03,1.31,True,False,(-5.08, 1.24, 1.01),Yellow,(0.05, 0.05, 0.05),1,0
2025-01-07 11:11:03,1.32,True,False,(-5.08, 1.24, 1.01),Yellow,(0.05, 0.05, 0.05),1,0
2025-01-07 11:11:04,1.33,True,False,(-5.09, 1.24, 1.00),Yellow,(0.05, 0.05, 0.05),1,0
2025-01-07 11:11:04,1.35,True,False,(-5.09, 1.24, 1.00),Yellow,(0.05, 0.05, 0.05),1,0
2025-01-07 11:11:04,1.36,True,False,(-5.09, 1.24, 1.00),Yellow,(0.05, 0.05, 0.05),1,0
2025-01-07 11:11:04,1.38,True,False,(-5.09, 1.24, 1.00),Yellow,(0.05, 0.05, 0.05),1,0
2025-01-07 11:11:04,1.39,True,False,(-5.09, 1.24, 1.00),Yellow,(0.05, 0.05, 0.05),1,0
2025-01-07 11:11:04,1.40,True,False,(-5.09, 1.25, 1.00),Yellow,(0.05, 0.05, 0.05),1,0
2025-01-07 11:11:04,1.42,True,False,(-5.09, 1.25, 1.00),Yellow,(0.05, 0.05, 0.05),1,0
2025-01-07 11:11:04,1.43,True,False,(-5.09, 1.25, 1.00),Yellow,(0.05, 0.05, 0.05),1,0
2025-01-07 11:11:04,1.45,True,False,(-5.09, 1.25, 1.00),Yellow,(0.05, 0.05, 0.05),1,0
2025-01-07 11:11:04,1.46,True,False,(-5.09, 1.25, 1.00),Yellow,(0.05, 0.05, 0.05),1,0
2025-01-07 11:11:04,1.47,True,False,(-5.09, 1.25, 1.00),Yellow,(0.05, 0.05, 0.05),1,0
2025-01-07 11:11:04,1.49,True,False,(-5.09, 1.25, 1.00),Yellow,(0.05, 0.05, 0.05),1,0
2025-01-07 11:11:04,1.50,True,False,(-5.10, 1.25, 1.00),Yellow,(0.05, 0.05, 0.05),1,0
2025-01-07 11:11:04,1.52,True,False,(-5.10, 1.25, 1.00),Yellow,(0.05, 0.05, 0.05),1,0
2025-01-07 11:11:04,1.53,True,False,(-5.10, 1.25, 1.00),Yellow,(0.05, 0.05, 0.05),1,0
2025-01-07 11:11:04,1.54,True,False,(-5.10, 1.25, 1.00),Yellow,(0.05, 0.05, 0.05),1,0
2025-01-07 11:11:04,1.56,True,False,(-5.10, 1.25, 1.00),Yellow,(0.05, 0.05, 0.05),1,0
2025-01-07 11:11:04,1.57,True,False,(-5.10, 1.25, 1.00),Yellow,(0.05, 0.05, 0.05),1,0
2025-01-07 11:11:04,1.58,True,False,(-5.10, 1.25, 1.00),Yellow,(0.05, 0.05, 0.05),1,0
2025-01-07 11:11:04,1.60,True,False,(-5.10, 1.24, 1.00),Yellow,(0.05, 0.05, 0.05),1,0
2025-01-07 11:11:04,1.61,True,False,(-5.10, 1.24, 1.00),Yellow,(0.05, 0.05, 0.05),1,0
2025-01-07 11:11:04,1.63,True,False,(-5.10, 1.24, 1.00),Yellow,(0.05, 0.05, 0.05),1,0
2025-01-07 11:11:04,1.64,True,False,(-5.10, 1.24, 1.00),Yellow,(0.05, 0.05, 0.05),1,0
2025-01-07 11:11:04,1.65,True,False,(-5.10, 1.23, 1.01),Yellow,(0.05, 0.05, 0.05),1,0
2025-01-07 11:11:04,1.67,True,False,(-5.10, 1.23, 1.01),Yellow,(0.05, 0.05, 0.05),1,0
2025-01-07 11:11:04,1.68,True,False,(-5.11, 1.23, 1.01),Yellow,(0.05, 0.05, 0.05),1,0
2025-01-07 11:11:04,1.70,True,False,(-5.11, 1.23, 1.01),Yellow,(0.05, 0.05, 0.05),1,0
2025-01-07 11:11:04,1.71,True,False,(-5.12, 1.23, 1.01),Yellow,(0.05, 0.05, 0.05),1,0
2025-01-07 11:11:04,1.72,True,False,(-5.12, 1.23, 1.01),Yellow,(0.05, 0.05, 0.05),1,0
2025-01-07 11:11:04,1.74,True,False,(-5.12, 1.22, 1.01),Yellow,(0.05, 0.05, 0.05),1,0
2025-01-07 11:11:04,1.75,True,False,(-5.12, 1.22, 1.01),Yellow,(0.05, 0.05, 0.05),1,0
2025-01-07 11:11:04,1.77,True,False,(-5.12, 1.22, 1.01),Yellow,(0.05, 0.05, 0.05),1,0
2025-01-07 11:11:04,1.78,True,False,(-5.12, 1.22, 1.01),Yellow,(0.05, 0.05, 0.05),1,0
2025-01-07 11:11:04,1.79,True,False,(-5.12, 1.22, 1.01),Yellow,(0.05, 0.05, 0.05),1,0
2025-01-07 11:11:04,1.81,True,False,(-5.12, 1.22, 1.01),Yellow,(0.05, 0.05, 0.05),1,0
2025-01-07 11:11:04,1.82,True,False,(-5.12, 1.22, 1.01),Yellow,(0.05, 0.05, 0.05),1,0
2025-01-07 11:11:04,1.84,True,False,(-5.12, 1.21, 1.01),Yellow,(0.05, 0.05, 0.05),1,0
2025-01-07 11:11:04,1.85,True,False,(-5.13, 1.21, 1.01),Yellow,(0.05, 0.05, 0.05),1,0
2025-01-07 11:11:04,1.86,True,False,(-5.13, 1.21, 1.01),Yellow,(0.05, 0.05, 0.05),1,0
2025-01-07 11:11:04,1.88,True,False,(-5.13, 1.21, 1.01),Yellow,(0.05, 0.05, 0.05),1,0
2025-01-07 11:11:04,1.89,True,False,(-5.13, 1.21, 1.01),Yellow,(0.05, 0.05, 0.05),1,0
2025-01-07 11:11:04,1.91,True,False,(-5.13, 1.21, 1.01),Yellow,(0.05, 0.05, 0.05),1,0
2025-01-07 11:11:04,1.92,True,False,(-5.13, 1.21, 1.01),Yellow,(0.05, 0.05, 0.05),1,0
2025-01-07 11:11:04,1.93,True,False,(-5.13, 1.21, 1.01),Yellow,(0.05, 0.05, 0.05),1,0
2025-01-07 11:11:04,1.95,True,False,(-5.13, 1.21, 1.01),Yellow,(0.05, 0.05, 0.05),1,0
2025-01-07 11:11:04,1.96,True,False,(-5.13, 1.21, 1.01),Yellow,(0.05, 0.05, 0.05),1,0
2025-01-07 11:11:04,1.98,True,False,(-5.13, 1.21, 1.01),Yellow,(0.05, 0.05, 0.05),1,0
2025-01-07 11:11:04,1.99,True,False,(-5.14, 1.21, 1.01),Yellow,(0.05, 0.05, 0.05),1,0
2025-01-07 11:11:04,2.00,True,False,(-5.14, 1.21, 1.01),Yellow,(0.05, 0.05, 0.05),1,0
2025-01-07 11:11:04,2.02,True,False,(-5.14, 1.21, 1.01),Yellow,(0.05, 0.05, 0.05),1,0
2025-01-07 11:11:04,2.03,True,False,(-5.14, 1.21, 1.01),Yellow,(0.05, 0.05, 0.05),1,0
2025-01-07 11:11:04,2.05,True,False,(-5.13, 1.21, 1.01),Yellow,(0.05, 0.05, 0.05),1,0
2025-01-07 11:11:04,2.06,True,False,(-5.13, 1.21, 1.01),Yellow,(0.05, 0.05, 0.05),1,0
2025-01-07 11:11:04,2.07,True,False,(-5.13, 1.21, 1.01),Yellow,(0.05, 0.05, 0.05),1,0
2025-01-07 11:11:04,2.09,True,False,(-5.13, 1.21, 1.01),Yellow,(0.05, 0.05, 0.05),1,0
2025-01-07 11:11:04,2.10,True,False,(-5.13, 1.21, 1.01),Yellow,(0.05, 0.05, 0.05),1,0
2025-01-07 11:11:04,2.12,True,False,(-5.13, 1.21, 1.01),Yellow,(0.05, 0.05, 0.05),1,0
2025-01-07 11:11:04,2.13,True,False,(-5.13, 1.21, 1.01),Yellow,(0.05, 0.05, 0.05),1,0
2025-01-07 11:11:04,2.14,True,False,(-5.13, 1.21, 1.01),Yellow,(0.05, 0.05, 0.05),1,0
2025-01-07 11:11:04,2.16,True,False,(-5.12, 1.21, 1.01),Yellow,(0.05, 0.05, 0.05),1,0
2025-01-07 11:11:04,2.17,True,False,(-5.11, 1.22, 1.01),Yellow,(0.05, 0.05, 0.05),1,0
2025-01-07 11:11:04,2.18,True,False,(-5.11, 1.22, 1.01),Yellow,(0.05, 0.05, 0.05),1,0
2025-01-07 11:11:04,2.20,True,False,(-5.11, 1.22, 1.01),Yellow,(0.05, 0.05, 0.05),1,0
2025-01-07 11:11:04,2.21,True,False,(-5.11, 1.22, 1.01),Yellow,(0.05, 0.05, 0.05),1,0
2025-01-07 11:11:04,2.23,True,False,(-5.11, 1.21, 1.01),Yellow,(0.05, 0.05, 0.05),1,0
2025-01-07 11:11:04,2.24,True,False,(-5.11, 1.21, 1.01),Yellow,(0.05, 0.05, 0.05),1,0
2025-01-07 11:11:04,2.25,True,False,(-5.11, 1.21, 1.01),Yellow,(0.05, 0.05, 0.05),1,0
2025-01-07 11:11:04,2.27,True,False,(-5.11, 1.21, 1.01),Yellow,(0.05, 0.05, 0.05),1,0
2025-01-07 11:11:04,2.28,True,False,(-5.11, 1.21, 1.01),Yellow,(0.05, 0.05, 0.05),1,0
2025-01-07 11:11:04,2.30,True,False,(-5.10, 1.21, 1.01),Yellow,(0.05, 0.05, 0.05),1,0
2025-01-07 11:11:04,2.31,True,False,(-5.10, 1.21, 1.01),Yellow,(0.05, 0.05, 0.05),1,0
2025-01-07 11:11:04,2.32,True,False,(-5.10, 1.21, 1.01),Yellow,(0.05, 0.05, 0.05),1,0
2025-01-07 11:11:05,2.34,True,False,(-5.10, 1.21, 1.01),Yellow,(0.05, 0.05, 0.05),1,0
2025-01-07 11:11:05,2.35,True,False,(-5.10, 1.21, 1.01),Yellow,(0.05, 0.05, 0.05),1,0
2025-01-07 11:11:05,2.37,True,False,(-5.10, 1.21, 1.01),Yellow,(0.05, 0.05, 0.05),1,0
2025-01-07 11:11:05,2.38,True,False,(-5.10, 1.21, 1.01),Yellow,(0.05, 0.05, 0.05),1,0
2025-01-07 11:11:05,2.39,True,False,(-5.10, 1.21, 1.01),Yellow,(0.05, 0.05, 0.05),1,0
2025-01-07 11:11:05,2.41,True,False,(-5.10, 1.21, 1.02),Yellow,(0.05, 0.05, 0.05),1,0
2025-01-07 11:11:05,2.42,True,False,(-5.10, 1.21, 1.02),Yellow,(0.05, 0.05, 0.05),1,0
2025-01-07 11:11:05,2.44,True,False,(-5.10, 1.21, 1.02),Yellow,(0.05, 0.05, 0.05),1,0
2025-01-07 11:11:05,2.45,True,False,(-5.10, 1.21, 1.02),Yellow,(0.05, 0.05, 0.05),1,0
2025-01-07 11:11:05,2.46,True,False,(-5.10, 1.21, 1.02),Yellow,(0.05, 0.05, 0.05),1,0
2025-01-07 11:11:05,2.48,True,False,(-5.10, 1.21, 1.02),Yellow,(0.05, 0.05, 0.05),1,0
2025-01-07 11:11:05,2.49,True,False,(-5.10, 1.21, 1.02),Yellow,(0.05, 0.05, 0.05),1,0
2025-01-07 11:11:05,2.51,True,False,(-5.10, 1.21, 1.02),Yellow,(0.05, 0.05, 0.05),1,0
2025-01-07 11:11:05,2.52,True,False,(-5.10, 1.21, 1.02),Yellow,(0.05, 0.05, 0.05),1,0
2025-01-07 11:11:05,2.53,True,False,(-5.10, 1.21, 1.02),Yellow,(0.05, 0.05, 0.05),1,0
2025-01-07 11:11:05,2.55,True,False,(-5.10, 1.21, 1.02),Yellow,(0.05, 0.05, 0.05),1,0
2025-01-07 11:11:05,2.56,True,False,(-5.10, 1.21, 1.02),Yellow,(0.05, 0.05, 0.05),1,0
2025-01-07 11:11:05,2.57,True,False,(-5.10, 1.21, 1.02),Yellow,(0.05, 0.05, 0.05),1,0
2025-01-07 11:11:05,2.59,True,False,(-5.10, 1.21, 1.02),Yellow,(0.05, 0.05, 0.05),1,0
2025-01-07 11:11:05,2.60,True,False,(-5.09, 1.21, 1.02),Yellow,(0.05, 0.05, 0.05),1,0
2025-01-07 11:11:05,2.62,True,False,(-5.10, 1.21, 1.02),Yellow,(0.05, 0.05, 0.05),1,0
2025-01-07 11:11:05,2.63,True,False,(-5.10, 1.21, 1.02),Yellow,(0.05, 0.05, 0.05),1,0
2025-01-07 11:11:05,2.64,True,False,(-5.10, 1.21, 1.02),Yellow,(0.05, 0.05, 0.05),1,0
2025-01-07 11:11:05,2.66,True,False,(-5.10, 1.21, 1.02),Yellow,(0.05, 0.05, 0.05),1,0
2025-01-07 11:11:05,2.67,True,False,(-5.10, 1.21, 1.02),Yellow,(0.05, 0.05, 0.05),1,0
2025-01-07 11:11:05,2.69,True,False,(-5.10, 1.21, 1.02),Yellow,(0.05, 0.05, 0.05),1,0
2025-01-07 11:11:05,2.70,True,False,(-5.10, 1.21, 1.02),Yellow,(0.05, 0.05, 0.05),1,0
2025-01-07 11:11:05,2.71,True,False,(-5.10, 1.21, 1.02),Yellow,(0.05, 0.05, 0.05),1,0
2025-01-07 11:11:05,2.73,True,False,(-5.10, 1.21, 1.02),Yellow,(0.05, 0.05, 0.05),1,0
2025-01-07 11:11:05,2.74,True,False,(-5.10, 1.21, 1.02),Yellow,(0.05, 0.05, 0.05),1,0
2025-01-07 11:11:05,2.76,True,False,(-5.10, 1.21, 1.02),Yellow,(0.05, 0.05, 0.05),1,0
2025-01-07 11:11:05,2.77,True,False,(-5.10, 1.21, 1.02),Yellow,(0.05, 0.05, 0.05),1,0
2025-01-07 11:11:05,2.78,True,False,(-5.10, 1.21, 1.02),Yellow,(0.05, 0.05, 0.05),1,0
2025-01-07 11:11:05,2.80,True,False,(-5.10, 1.21, 1.02),Yellow,(0.05, 0.05, 0.05),1,0
2025-01-07 11:11:05,2.81,True,False,(-5.10, 1.21, 1.02),Yellow,(0.05, 0.05, 0.05),1,0
2025-01-07 11:11:05,2.83,True,False,(-5.10, 1.21, 1.02),Yellow,(0.05, 0.05, 0.05),1,0
2025-01-07 11:11:05,2.84,True,False,(-5.10, 1.21, 1.02),Yellow,(0.05, 0.05, 0.05),1,0
2025-01-07 11:11:05,2.85,True,False,(-5.10, 1.21, 1.02),Yellow,(0.05, 0.05, 0.05),1,0
2025-01-07 11:11:05,2.87,True,False,(-5.10, 1.21, 1.02),Yellow,(0.05, 0.05, 0.05),1,0
2025-01-07 11:11:05,2.88,True,False,(-5.10, 1.21, 1.02),Yellow,(0.05, 0.05, 0.05),1,0
2025-01-07 11:11:05,2.90,True,False,(-5.10, 1.21, 1.02),Yellow,(0.05, 0.05, 0.05),1,0
2025-01-07 11:11:05,2.91,True,False,(-5.10, 1.21, 1.02),Yellow,(0.05, 0.05, 0.05),1,0
2025-01-07 11:11:05,2.92,True,False,(-5.10, 1.21, 1.02),Yellow,(0.05, 0.05, 0.05),1,0
2025-01-07 11:11:05,2.94,True,False,(-5.10, 1.21, 1.02),Yellow,(0.05, 0.05, 0.05),1,0
2025-01-07 11:11:05,2.95,True,False,(-5.10, 1.21, 1.02),Yellow,(0.05, 0.05, 0.05),1,0
2025-01-07 11:11:05,2.96,True,False,(-5.10, 1.21, 1.02),Yellow,(0.05, 0.05, 0.05),1,0
2025-01-07 11:11:05,2.98,True,False,(-5.10, 1.21, 1.02),Yellow,(0.05, 0.05, 0.05),1,0
2025-01-07 11:11:05,2.99,True,False,(-5.10, 1.21, 1.02),Yellow,(0.05, 0.05, 0.05),1,0
2025-01-07 11:11:05,3.01,True,False,(-5.10, 1.21, 1.02),Yellow,(0.05, 0.05, 0.05),1,0
2025-01-07 11:11:05,3.02,True,False,(-5.10, 1.21, 1.02),Yellow,(0.05, 0.05, 0.05),1,0
2025-01-07 11:11:05,3.03,True,False,(-5.10, 1.21, 1.02),Yellow,(0.05, 0.05, 0.05),1,0
2025-01-07 11:11:05,3.05,True,False,(-5.10, 1.21, 1.02),Yellow,(0.05, 0.05, 0.05),1,0
2025-01-07 11:11:05,3.06,True,False,(-5.10, 1.21, 1.02),Yellow,(0.05, 0.05, 0.05),1,0
2025-01-07 11:11:05,3.08,True,False,(-5.10, 1.21, 1.02),Yellow,(0.05, 0.05, 0.05),1,0
2025-01-07 11:11:05,3.09,True,False,(-5.10, 1.21, 1.02),Yellow,(0.05, 0.05, 0.05),1,0
2025-01-07 11:11:05,3.10,True,False,(-5.10, 1.21, 1.02),Yellow,(0.05, 0.05, 0.05),1,0
2025-01-07 11:11:05,3.12,True,False,(-5.10, 1.21, 1.02),Yellow,(0.05, 0.05, 0.05),1,0
2025-01-07 11:11:05,3.13,True,False,(-5.10, 1.21, 1.02),Yellow,(0.05, 0.05, 0.05),1,0
2025-01-07 11:11:05,3.15,True,False,(-5.10, 1.21, 1.02),Yellow,(0.05, 0.05, 0.05),1,0
2025-01-07 11:11:05,3.16,True,False,(-5.10, 1.21, 1.02),Yellow,(0.05, 0.05, 0.05),1,0
2025-01-07 11:11:05,3.17,True,False,(-5.10, 1.21, 1.02),Yellow,(0.05, 0.05, 0.05),1,0
2025-01-07 11:11:05,3.19,True,False,(-5.10, 1.21, 1.02),Yellow,(0.05, 0.05, 0.05),1,0
2025-01-07 11:11:05,3.20,True,False,(-5.10, 1.21, 1.02),Yellow,(0.05, 0.05, 0.05),1,0
2025-01-07 11:11:05,3.22,True,False,(-5.10, 1.21, 1.02),Yellow,(0.05, 0.05, 0.05),1,0
2025-01-07 11:11:05,3.23,True,False,(-5.10, 1.21, 1.02),Yellow,(0.05, 0.05, 0.05),1,0
2025-01-07 11:11:05,3.24,True,False,(-5.10, 1.21, 1.02),Yellow,(0.05, 0.05, 0.05),1,0
2025-01-07 11:11:05,3.26,True,False,(-5.10, 1.21, 1.02),Yellow,(0.05, 0.05, 0.05),1,0
2025-01-07 11:11:05,3.27,True,False,(-5.10, 1.21, 1.02),Yellow,(0.05, 0.05, 0.05),1,0
2025-01-07 11:11:05,3.29,True,False,(-5.10, 1.21, 1.02),Yellow,(0.05, 0.05, 0.05),1,0
2025-01-07 11:11:05,3.30,True,False,(-5.10, 1.21, 1.02),Yellow,(0.05, 0.05, 0.05),1,0
2025-01-07 11:11:05,3.31,True,False,(-5.10, 1.21, 1.02),Yellow,(0.05, 0.05, 0.05),1,0
2025-01-07 11:11:06,3.33,True,False,(-5.10, 1.21, 1.02),Yellow,(0.05, 0.05, 0.05),1,0
2025-01-07 11:11:06,3.34,True,False,(-5.10, 1.21, 1.02),Yellow,(0.05, 0.05, 0.05),1,0
2025-01-07 11:11:06,3.36,True,False,(-5.10, 1.21, 1.02),Yellow,(0.05, 0.05, 0.05),1,0
2025-01-07 11:11:06,3.37,True,False,(-5.10, 1.21, 1.02),Yellow,(0.05, 0.05, 0.05),1,0
2025-01-07 11:11:06,3.38,True,False,(-5.10, 1.21, 1.02),Yellow,(0.05, 0.05, 0.05),1,0
2025-01-07 11:11:06,3.40,True,False,(-5.10, 1.21, 1.02),Yellow,(0.05, 0.05, 0.05),1,0
2025-01-07 11:11:06,3.41,True,False,(-5.10, 1.21, 1.02),Yellow,(0.05, 0.05, 0.05),1,0
2025-01-07 11:11:06,3.42,True,False,(-5.10, 1.21, 1.02),Yellow,(0.05, 0.05, 0.05),1,0
2025-01-07 11:11:06,3.44,True,False,(-5.10, 1.21, 1.02),Yellow,(0.05, 0.05, 0.05),1,0
2025-01-07 11:11:06,3.45,True,False,(-5.10, 1.21, 1.02),Yellow,(0.05, 0.05, 0.05),1,0
2025-01-07 11:11:06,3.47,True,False,(-5.10, 1.21, 1.02),Yellow,(0.05, 0.05, 0.05),1,0
2025-01-07 11:11:06,3.48,True,False,(-5.10, 1.21, 1.02),Yellow,(0.05, 0.05, 0.05),1,0
2025-01-07 11:11:06,3.49,True,False,(-5.10, 1.21, 1.02),Yellow,(0.05, 0.05, 0.05),1,0
2025-01-07 11:11:06,3.51,True,False,(-5.10, 1.21, 1.02),Yellow,(0.05, 0.05, 0.05),1,0
2025-01-07 11:11:06,3.52,True,False,(-5.09, 1.21, 1.02),Yellow,(0.05, 0.05, 0.05),1,0
2025-01-07 11:11:06,3.54,True,False,(-5.09, 1.21, 1.02),Yellow,(0.05, 0.05, 0.05),1,0
2025-01-07 11:11:06,3.55,True,False,(-5.09, 1.21, 1.02),Yellow,(0.05, 0.05, 0.05),1,0
2025-01-07 11:11:06,3.56,True,False,(-5.09, 1.21, 1.02),Yellow,(0.05, 0.05, 0.05),1,0
2025-01-07 11:11:06,3.58,True,False,(-5.09, 1.21, 1.02),Yellow,(0.05, 0.05, 0.05),1,0
2025-01-07 11:11:06,3.59,True,False,(-5.09, 1.21, 1.02),Yellow,(0.05, 0.05, 0.05),1,0
2025-01-07 11:11:06,3.61,True,False,(-5.09, 1.21, 1.02),Yellow,(0.05, 0.05, 0.05),1,0
2025-01-07 11:11:06,3.62,True,False,(-5.09, 1.21, 1.02),Yellow,(0.05, 0.05, 0.05),1,0
2025-01-07 11:11:06,3.63,True,False,(-5.09, 1.21, 1.02),Yellow,(0.05, 0.05, 0.05),1,0
2025-01-07 11:11:06,3.65,True,False,(-5.09, 1.21, 1.02),Yellow,(0.05, 0.05, 0.05),1,0
2025-01-07 11:11:06,3.66,True,False,(-5.09, 1.21, 1.02),Yellow,(0.05, 0.05, 0.05),1,0
2025-01-07 11:11:06,3.68,True,False,(-5.09, 1.21, 1.02),Yellow,(0.05, 0.05, 0.05),1,0
2025-01-07 11:11:06,3.69,True,False,(-5.09, 1.21, 1.02),Yellow,(0.05, 0.05, 0.05),1,0
2025-01-07 11:11:06,3.70,True,False,(-5.10, 1.21, 1.02),Yellow,(0.05, 0.05, 0.05),1,0
2025-01-07 11:11:06,3.72,True,False,(-5.10, 1.21, 1.02),Yellow,(0.05, 0.05, 0.05),1,0
2025-01-07 11:11:06,3.73,True,False,(-5.10, 1.21, 1.02),Yellow,(0.05, 0.05, 0.05),1,0
2025-01-07 11:11:06,3.74,True,False,(-5.10, 1.21, 1.02),Yellow,(0.05, 0.05, 0.05),1,0
2025-01-07 11:11:06,3.76,True,False,(-5.10, 1.21, 1.02),Yellow,(0.05, 0.05, 0.05),1,0
2025-01-07 11:11:06,3.77,True,False,(-5.11, 1.21, 1.02),Yellow,(0.05, 0.05, 0.05),1,0
2025-01-07 11:11:06,3.79,True,False,(-5.11, 1.21, 1.02),Yellow,(0.05, 0.05, 0.05),1,0
2025-01-07 11:11:06,3.80,True,False,(-5.11, 1.21, 1.02),Yellow,(0.05, 0.05, 0.05),1,0
2025-01-07 11:11:06,3.82,True,False,(-5.11, 1.21, 1.02),Yellow,(0.05, 0.05, 0.05),1,0
2025-01-07 11:11:06,3.83,True,False,(-5.11, 1.21, 1.02),Yellow,(0.05, 0.05, 0.05),1,0
2025-01-07 11:11:06,3.84,True,False,(-5.11, 1.21, 1.02),Yellow,(0.05, 0.05, 0.05),1,0
2025-01-07 11:11:06,3.86,True,False,(-5.11, 1.21, 1.02),Yellow,(0.05, 0.05, 0.05),1,0
2025-01-07 11:11:06,3.87,True,False,(-5.11, 1.21, 1.02),Yellow,(0.05, 0.05, 0.05),1,0
2025-01-07 11:11:06,3.88,True,False,(-5.11, 1.21, 1.02),Yellow,(0.05, 0.05, 0.05),1,0
2025-01-07 11:11:06,3.90,True,False,(-5.11, 1.21, 1.02),Yellow,(0.05, 0.05, 0.05),1,0
2025-01-07 11:11:06,3.91,True,False,(-5.11, 1.21, 1.01),Yellow,(0.05, 0.05, 0.05),1,0
2025-01-07 11:11:06,3.93,True,False,(-5.11, 1.21, 1.01),Yellow,(0.05, 0.05, 0.05),1,0
2025-01-07 11:11:06,3.94,True,False,(-5.10, 1.22, 1.01),Yellow,(0.05, 0.05, 0.05),1,0
2025-01-07 11:11:06,3.95,True,False,(-5.10, 1.22, 1.01),Yellow,(0.05, 0.05, 0.05),1,0
2025-01-07 11:11:06,3.97,True,False,(-5.10, 1.22, 1.01),Yellow,(0.05, 0.05, 0.05),1,0
2025-01-07 11:11:06,3.98,True,False,(-5.10, 1.22, 1.01),Yellow,(0.05, 0.05, 0.05),1,0
2025-01-07 11:11:06,4.00,True,False,(-5.10, 1.22, 1.01),Yellow,(0.05, 0.05, 0.05),1,0
2025-01-07 11:11:06,4.01,True,False,(-5.10, 1.22, 1.01),Yellow,(0.05, 0.05, 0.05),1,0
2025-01-07 11:11:06,4.02,True,False,(-5.10, 1.22, 1.01),Yellow,(0.05, 0.05, 0.05),1,0
2025-01-07 11:11:06,4.04,True,False,(-5.10, 1.22, 1.01),Yellow,(0.05, 0.05, 0.05),1,0
2025-01-07 11:11:06,4.05,True,False,(-5.10, 1.22, 1.01),Yellow,(0.05, 0.05, 0.05),1,0
2025-01-07 11:11:06,4.07,True,False,(-5.10, 1.22, 1.01),Yellow,(0.05, 0.05, 0.05),1,0
2025-01-07 11:11:06,4.08,True,False,(-5.10, 1.22, 1.01),Yellow,(0.05, 0.05, 0.05),1,0
2025-01-07 11:11:06,4.09,True,False,(-5.10, 1.22, 1.01),Yellow,(0.05, 0.05, 0.05),1,0
2025-01-07 11:11:06,4.11,True,False,(-5.10, 1.22, 1.01),Yellow,(0.05, 0.05, 0.05),1,0
2025-01-07 11:11:06,4.12,True,False,(-5.10, 1.22, 1.01),Yellow,(0.05, 0.05, 0.05),1,0
2025-01-07 11:11:06,4.14,True,False,(-5.11, 1.21, 1.01),Yellow,(0.05, 0.05, 0.05),1,0
2025-01-07 11:11:06,4.15,True,False,(-5.11, 1.21, 1.01),Yellow,(0.05, 0.05, 0.05),1,0
2025-01-07 11:11:06,4.16,True,False,(-5.11, 1.21, 1.01),Yellow,(0.05, 0.05, 0.05),1,0
2025-01-07 11:11:06,4.18,True,False,(-5.12, 1.21, 1.01),Yellow,(0.05, 0.05, 0.05),1,0
2025-01-07 11:11:06,4.19,True,False,(-5.12, 1.21, 1.01),Yellow,(0.05, 0.05, 0.05),1,0
2025-01-07 11:11:06,4.20,True,False,(-5.12, 1.21, 1.01),Yellow,(0.05, 0.05, 0.05),1,0
2025-01-07 11:11:06,4.22,True,False,(-5.13, 1.21, 1.01),Yellow,(0.05, 0.05, 0.05),1,0
2025-01-07 11:11:06,4.23,True,False,(-5.13, 1.21, 1.01),Yellow,(0.05, 0.05, 0.05),1,0
2025-01-07 11:11:06,4.25,True,False,(-5.13, 1.21, 1.01),Yellow,(0.05, 0.05, 0.05),1,0
2025-01-07 11:11:06,4.26,True,False,(-5.13, 1.21, 1.01),Yellow,(0.05, 0.05, 0.05),1,0
2025-01-07 11:11:06,4.28,True,False,(-5.13, 1.21, 1.01),Yellow,(0.05, 0.05, 0.05),1,0
2025-01-07 11:11:06,4.29,True,False,(-5.13, 1.21, 1.01),Yellow,(0.05, 0.05, 0.05),1,0
2025-01-07 11:11:06,4.30,True,False,(-5.13, 1.21, 1.01),Yellow,(0.05, 0.05, 0.05),1,0
2025-01-07 11:11:06,4.32,True,False,(-5.14, 1.21, 1.01),Yellow,(0.05, 0.05, 0.05),1,0
2025-01-07 11:11:07,4.33,True,False,(-5.14, 1.21, 1.01),Yellow,(0.05, 0.05, 0.05),1,0
2025-01-07 11:11:07,4.34,True,False,(-5.14, 1.21, 1.01),Yellow,(0.05, 0.05, 0.05),1,0
2025-01-07 11:11:07,4.36,True,False,(-5.14, 1.21, 1.01),Yellow,(0.05, 0.05, 0.05),1,0
2025-01-07 11:11:07,4.37,True,False,(-5.14, 1.21, 1.01),Yellow,(0.05, 0.05, 0.05),1,0
2025-01-07 11:11:07,4.39,True,False,(-5.15, 1.21, 1.01),Yellow,(0.05, 0.05, 0.05),1,0
2025-01-07 11:11:07,4.40,True,False,(-5.15, 1.21, 1.01),Yellow,(0.05, 0.05, 0.05),1,0
2025-01-07 11:11:07,4.41,True,False,(-5.15, 1.21, 1.01),Yellow,(0.05, 0.05, 0.05),1,0
2025-01-07 11:11:07,4.43,True,False,(-5.15, 1.21, 1.01),Yellow,(0.05, 0.05, 0.05),1,0
2025-01-07 11:11:07,4.44,True,False,(-5.16, 1.21, 1.01),Yellow,(0.05, 0.05, 0.05),1,0
2025-01-07 11:11:07,4.46,True,False,(-5.17, 1.21, 1.00),Yellow,(0.05, 0.05, 0.05),1,0
2025-01-07 11:11:07,4.47,True,False,(-5.17, 1.21, 1.00),Yellow,(0.05, 0.05, 0.05),1,0
2025-01-07 11:11:07,4.48,True,False,(-6.58, 0.88, -0.06),Yellow,(0.05, 0.05, 0.05),1,0
2025-01-07 11:11:07,4.50,True,False,(-6.59, 0.89, -0.04),Yellow,(0.05, 0.05, 0.05),1,0
2025-01-07 11:11:07,4.51,True,False,(-6.48, 0.89, 0.02),Yellow,(0.05, 0.05, 0.05),1,0
2025-01-07 11:11:07,4.53,True,False,(-6.50, 0.89, 0.02),Yellow,(0.05, 0.05, 0.05),1,0
2025-01-07 11:11:07,4.54,True,False,(-6.50, 0.89, 0.01),Yellow,(0.05, 0.05, 0.05),1,0
2025-01-07 11:11:07,4.55,True,False,(-6.53, 0.89, 0.01),Yellow,(0.05, 0.05, 0.05),1,0
2025-01-07 11:11:07,4.57,True,False,(-6.48, 0.88, 0.03),Yellow,(0.05, 0.05, 0.05),1,0
2025-01-07 11:11:07,4.58,True,False,(-6.50, 0.88, 0.03),Yellow,(0.05, 0.05, 0.05),1,0
2025-01-07 11:11:07,4.60,True,False,(-6.52, 0.88, 0.03),Yellow,(0.05, 0.05, 0.05),1,0
2025-01-07 11:11:07,4.61,True,False,(-6.48, 0.89, 0.03),Yellow,(0.05, 0.05, 0.05),1,0
2025-01-07 11:11:07,4.62,True,False,(-6.50, 0.89, 0.03),Yellow,(0.05, 0.05, 0.05),1,0
2025-01-07 11:11:07,4.64,True,False,(-6.49, 0.89, 0.01),Yellow,(0.05, 0.05, 0.05),1,0
2025-01-07 11:11:07,4.65,True,False,(-6.52, 0.89, 0.00),Yellow,(0.05, 0.05, 0.05),1,0
2025-01-07 11:11:07,4.66,True,False,(-6.54, 0.89, -0.01),Yellow,(0.05, 0.05, 0.05),1,0
2025-01-07 11:11:07,4.68,True,False,(-6.50, 0.89, 0.00),Yellow,(0.05, 0.05, 0.05),1,0
2025-01-07 11:11:07,4.69,True,False,(-6.52, 0.89, -0.01),Yellow,(0.05, 0.05, 0.05),1,0
2025-01-07 11:11:07,4.71,True,False,(-6.48, 0.89, -0.02),Yellow,(0.05, 0.05, 0.05),1,0
2025-01-07 11:11:07,4.72,True,False,(-6.49, 0.89, -0.02),Yellow,(0.05, 0.05, 0.05),1,0
2025-01-07 11:11:07,4.73,True,False,(-6.47, 0.89, 0.00),Yellow,(0.05, 0.05, 0.05),1,0
2025-01-07 11:11:07,4.75,True,False,(-6.47, 0.89, -0.01),Yellow,(0.05, 0.05, 0.05),1,0
2025-01-07 11:11:07,4.76,True,False,(-6.47, 0.89, -0.01),Yellow,(0.05, 0.05, 0.05),1,0
2025-01-07 11:11:07,4.78,True,False,(-6.47, 0.89, -0.04),Yellow,(0.05, 0.05, 0.05),1,0
2025-01-07 11:11:07,4.79,True,False,(-6.47, 0.89, -0.04),Yellow,(0.05, 0.05, 0.05),1,0
2025-01-07 11:11:07,4.80,True,False,(-6.47, 0.88, -0.05),Yellow,(0.05, 0.05, 0.05),1,0
2025-01-07 11:11:07,4.82,True,False,(-6.49, 0.88, -0.07),Yellow,(0.05, 0.05, 0.05),1,0
2025-01-07 11:11:07,4.83,True,False,(-6.48, 0.88, -0.07),Yellow,(0.05, 0.05, 0.05),1,0
2025-01-07 11:11:07,4.85,True,False,(-6.41, 0.89, -0.02),Yellow,(0.05, 0.05, 0.05),1,0
2025-01-07 11:11:07,4.86,True,False,(-6.41, 0.89, -0.03),Yellow,(0.05, 0.05, 0.05),1,0
2025-01-07 11:11:07,4.87,True,False,(-6.38, 0.89, -0.01),Yellow,(0.05, 0.05, 0.05),1,0
2025-01-07 11:11:07,4.89,True,False,(-6.36, 0.89, -0.01),Yellow,(0.05, 0.05, 0.05),1,0
2025-01-07 11:11:07,4.90,True,False,(-6.36, 0.89, -0.03),Yellow,(0.05, 0.05, 0.05),1,0
2025-01-07 11:11:07,4.92,True,False,(-6.37, 0.88, -0.06),Yellow,(0.05, 0.05, 0.05),1,0
2025-01-07 11:11:07,4.93,True,False,(-6.36, 0.89, -0.07),Yellow,(0.05, 0.05, 0.05),1,0
2025-01-07 11:11:07,4.94,True,False,(-8.61, 0.64, -2.94),Yellow,(0.05, 0.05, 0.05),1,0
2025-01-07 11:11:07,4.96,True,False,(-8.55, 0.65, -2.94),Yellow,(0.05, 0.05, 0.05),1,0
2025-01-07 11:11:07,4.97,True,False,(-5.15, 1.23, 0.99),Yellow,(0.05, 0.05, 0.05),1,0
2025-01-07 11:11:07,4.98,True,False,(-5.14, 1.23, 0.99),Yellow,(0.05, 0.05, 0.05),1,0
2025-01-07 11:11:07,5.00,True,False,(-5.14, 1.23, 0.99),Yellow,(0.05, 0.05, 0.05),1,0
2025-01-07 11:11:07,5.01,True,False,(-5.13, 1.23, 1.00),Yellow,(0.05, 0.05, 0.05),1,0
2025-01-07 11:11:07,5.03,True,False,(-5.13, 1.23, 1.00),Yellow,(0.05, 0.05, 0.05),1,0
2025-01-07 11:11:07,5.04,True,False,(-5.13, 1.23, 1.00),Yellow,(0.05, 0.05, 0.05),1,0
2025-01-07 11:11:07,5.05,True,False,(-5.13, 1.24, 1.00),Yellow,(0.05, 0.05, 0.05),1,0
2025-01-07 11:11:07,5.07,True,False,(-5.12, 1.24, 1.00),Yellow,(0.05, 0.05, 0.05),1,0
2025-01-07 11:11:07,5.08,True,False,(-5.12, 1.24, 1.00),Yellow,(0.05, 0.05, 0.05),1,0
2025-01-07 11:11:07,5.10,True,False,(-5.12, 1.24, 1.00),Yellow,(0.05, 0.05, 0.05),1,0
2025-01-07 11:11:07,5.11,True,False,(-5.12, 1.24, 1.00),Yellow,(0.05, 0.05, 0.05),1,0
2025-01-07 11:11:07,5.12,True,False,(-5.12, 1.24, 1.00),Yellow,(0.05, 0.05, 0.05),1,0
2025-01-07 11:11:07,5.14,True,False,(-5.12, 1.24, 1.00),Yellow,(0.05, 0.05, 0.05),1,0
2025-01-07 11:11:07,5.15,True,False,(-5.12, 1.24, 1.00),Yellow,(0.05, 0.05, 0.05),1,0
2025-01-07 11:11:07,5.17,True,False,(-5.11, 1.24, 1.00),Yellow,(0.05, 0.05, 0.05),1,0
2025-01-07 11:11:07,5.18,True,False,(-5.11, 1.24, 1.00),Yellow,(0.05, 0.05, 0.05),1,0
2025-01-07 11:11:07,5.19,True,False,(-5.11, 1.24, 1.00),Yellow,(0.05, 0.05, 0.05),1,0
2025-01-07 11:11:07,5.21,True,False,(-5.11, 1.24, 1.00),Yellow,(0.05, 0.05, 0.05),1,0
2025-01-07 11:11:07,5.22,True,False,(-5.11, 1.24, 1.00),Yellow,(0.05, 0.05, 0.05),1,0
2025-01-07 11:11:07,5.24,True,False,(-5.11, 1.24, 1.00),Yellow,(0.05, 0.05, 0.05),1,0
2025-01-07 11:11:07,5.25,True,False,(-5.11, 1.24, 1.00),Yellow,(0.05, 0.05, 0.05),1,0
2025-01-07 11:11:07,5.26,True,False,(-5.11, 1.24, 1.00),Yellow,(0.05, 0.05, 0.05),1,0
2025-01-07 11:11:07,5.28,True,False,(-5.11, 1.24, 1.00),Yellow,(0.05, 0.05, 0.05),1,0
2025-01-07 11:11:07,5.29,True,False,(-5.11, 1.24, 1.00),Yellow,(0.05, 0.05, 0.05),1,0
2025-01-07 11:11:07,5.31,True,False,(-5.11, 1.24, 1.00),Yellow,(0.05, 0.05, 0.05),1,0
2025-01-07 11:11:07,5.32,True,False,(-5.10, 1.24, 1.00),Yellow,(0.05, 0.05, 0.05),1,0
2025-01-07 11:11:08,5.33,True,False,(-5.10, 1.24, 1.00),Yellow,(0.05, 0.05, 0.05),1,0
2025-01-07 11:11:08,5.35,True,False,(-5.10, 1.24, 1.00),Yellow,(0.05, 0.05, 0.05),1,0
2025-01-07 11:11:08,5.36,True,False,(-5.10, 1.24, 1.00),Yellow,(0.05, 0.05, 0.05),1,0
2025-01-07 11:11:08,5.38,True,False,(-5.09, 1.24, 1.00),Yellow,(0.05, 0.05, 0.05),1,0
2025-01-07 11:11:08,5.39,True,False,(-5.09, 1.24, 1.00),Yellow,(0.05, 0.05, 0.05),1,0
2025-01-07 11:11:08,5.40,True,False,(-5.09, 1.24, 1.01),Yellow,(0.05, 0.05, 0.05),1,0
2025-01-07 11:11:08,5.42,True,False,(-5.08, 1.24, 1.01),Yellow,(0.05, 0.05, 0.05),1,0
2025-01-07 11:11:08,5.43,True,False,(-5.08, 1.24, 1.01),Yellow,(0.05, 0.05, 0.05),1,0
2025-01-07 11:11:08,5.44,True,False,(-5.08, 1.24, 1.00),Yellow,(0.05, 0.05, 0.05),1,0
2025-01-07 11:11:08,5.46,True,False,(-5.08, 1.24, 1.00),Yellow,(0.05, 0.05, 0.05),1,0
2025-01-07 11:11:08,5.47,True,False,(-5.08, 1.24, 1.00),Yellow,(0.05, 0.05, 0.05),1,0
2025-01-07 11:11:08,5.49,True,False,(-5.08, 1.24, 1.00),Yellow,(0.05, 0.05, 0.05),1,0
2025-01-07 11:11:08,5.50,True,False,(-5.08, 1.25, 1.00),Yellow,(0.05, 0.05, 0.05),1,0
2025-01-07 11:11:08,5.51,True,False,(-5.07, 1.25, 1.00),Yellow,(0.05, 0.05, 0.05),1,0
2025-01-07 11:11:08,5.53,True,False,(-5.07, 1.25, 1.00),Yellow,(0.05, 0.05, 0.05),1,0
2025-01-07 11:11:08,5.54,True,False,(-5.07, 1.25, 1.00),Yellow,(0.05, 0.05, 0.05),1,0
2025-01-07 11:11:08,5.56,True,False,(-5.07, 1.25, 1.00),Yellow,(0.05, 0.05, 0.05),1,0
2025-01-07 11:11:08,5.57,True,False,(-5.06, 1.25, 1.00),Yellow,(0.05, 0.05, 0.05),1,0
2025-01-07 11:11:08,5.58,True,False,(-5.05, 1.25, 1.00),Yellow,(0.05, 0.05, 0.05),1,0
2025-01-07 11:11:08,5.60,True,False,(-5.05, 1.25, 1.00),Yellow,(0.05, 0.05, 0.05),1,0
2025-01-07 11:11:08,5.61,True,False,(-5.04, 1.24, 1.00),Yellow,(0.05, 0.05, 0.05),1,0
2025-01-07 11:11:08,5.63,True,False,(-5.04, 1.24, 1.00),Yellow,(0.05, 0.05, 0.05),1,0
2025-01-07 11:11:08,5.64,True,False,(-5.04, 1.24, 1.00),Yellow,(0.05, 0.05, 0.05),1,0
2025-01-07 11:11:08,5.65,True,False,(-5.03, 1.24, 1.00),Yellow,(0.05, 0.05, 0.05),1,0
2025-01-07 11:11:08,5.67,True,False,(-5.03, 1.24, 0.99),Yellow,(0.05, 0.05, 0.05),1,0
2025-01-07 11:11:08,5.68,True,False,(-5.03, 1.24, 1.00),Yellow,(0.05, 0.05, 0.05),1,0
2025-01-07 11:11:08,5.70,True,False,(-5.03, 1.24, 0.99),Yellow,(0.05, 0.05, 0.05),1,0
2025-01-07 11:11:08,5.71,True,False,(-5.03, 1.24, 1.00),Yellow,(0.05, 0.05, 0.05),1,0
2025-01-07 11:11:08,5.72,True,False,(-5.03, 1.24, 0.99),Yellow,(0.05, 0.05, 0.05),1,0
2025-01-07 11:11:08,5.74,True,False,(-5.03, 1.24, 1.00),Yellow,(0.05, 0.05, 0.05),1,0
2025-01-07 11:11:08,5.75,True,False,(-5.03, 1.24, 1.00),Yellow,(0.05, 0.05, 0.05),1,0
2025-01-07 11:11:08,5.76,True,False,(-5.02, 1.24, 0.99),Yellow,(0.05, 0.05, 0.05),1,0
2025-01-07 11:11:08,5.78,True,False,(-5.02, 1.24, 1.00),Yellow,(0.05, 0.05, 0.05),1,0
2025-01-07 11:11:08,5.79,True,False,(-5.02, 1.24, 0.99),Yellow,(0.05, 0.05, 0.05),1,0
2025-01-07 11:11:08,5.81,True,False,(-5.02, 1.24, 1.00),Yellow,(0.05, 0.05, 0.05),1,0
2025-01-07 11:11:08,5.82,True,False,(-5.02, 1.24, 1.00),Yellow,(0.05, 0.05, 0.05),1,0
2025-01-07 11:11:08,5.83,True,False,(-5.02, 1.24, 0.99),Yellow,(0.05, 0.05, 0.05),1,0
2025-01-07 11:11:08,5.85,True,False,(-5.02, 1.24, 1.00),Yellow,(0.05, 0.05, 0.05),1,0
2025-01-07 11:11:08,5.86,True,False,(-5.02, 1.24, 0.99),Yellow,(0.05, 0.05, 0.05),1,0
2025-01-07 11:11:08,5.88,True,False,(-5.01, 1.24, 0.99),Yellow,(0.05, 0.05, 0.05),1,0
2025-01-07 11:11:08,5.89,True,False,(-3.35, 0.86, -2.94),Yellow,(0.05, 0.05, 0.05),1,0
2025-01-07 11:11:08,5.90,True,False,(-2.83, 1.07, -2.40),Yellow,(0.05, 0.05, 0.05),1,0
2025-01-07 11:11:08,5.92,True,False,(-2.83, 1.08, -2.22),Yellow,(0.05, 0.05, 0.05),1,0
2025-01-07 11:11:08,5.93,True,False,(-2.83, 1.07, -2.06),Yellow,(0.05, 0.05, 0.05),1,0
2025-01-07 11:11:08,5.95,True,False,(-3.03, 1.22, -0.87),Yellow,(0.05, 0.05, 0.05),1,0
2025-01-07 11:11:08,5.96,True,False,(-2.94, 1.22, -0.86),Yellow,(0.05, 0.05, 0.05),1,0
2025-01-07 11:11:08,5.97,True,False,(-2.83, 1.23, -0.83),Yellow,(0.05, 0.05, 0.05),1,0
2025-01-07 11:11:08,5.99,True,False,(-2.83, 1.23, -0.74),Yellow,(0.05, 0.05, 0.05),1,0
2025-01-07 11:11:08,6.00,True,False,(-2.83, 1.25, -0.65),Yellow,(0.05, 0.05, 0.05),1,0
2025-01-07 11:11:08,6.02,True,False,(-2.83, 1.26, -0.57),Yellow,(0.05, 0.05, 0.05),1,0
2025-01-07 11:11:08,6.03,True,False,(-2.83, 1.28, -0.49),Yellow,(0.05, 0.05, 0.05),1,0
2025-01-07 11:11:08,6.04,True,False,(-2.83, 1.29, -0.61),Yellow,(0.05, 0.05, 0.05),1,0
2025-01-07 11:11:08,6.06,True,False,(-2.83, 1.31, -0.53),Yellow,(0.05, 0.05, 0.05),1,0
2025-01-07 11:11:08,6.07,True,False,(-2.83, 1.31, -0.65),Yellow,(0.05, 0.05, 0.05),1,0
2025-01-07 11:11:08,6.08,True,False,(-2.83, 1.32, -0.58),Yellow,(0.05, 0.05, 0.05),1,0
2025-01-07 11:11:08,6.10,True,False,(-2.83, 1.33, -0.50),Yellow,(0.05, 0.05, 0.05),1,0
2025-01-07 11:11:08,6.11,True,False,(-2.83, 1.34, -0.59),Yellow,(0.05, 0.05, 0.05),1,0
2025-01-07 11:11:08,6.13,True,False,(-2.83, 1.35, -0.52),Yellow,(0.05, 0.05, 0.05),1,0
2025-01-07 11:11:08,6.14,True,False,(-2.83, 1.30, -0.60),Yellow,(0.05, 0.05, 0.05),1,0
2025-01-07 11:11:08,6.15,True,False,(-2.83, 1.31, -0.53),Yellow,(0.05, 0.05, 0.05),1,0
2025-01-07 11:11:08,6.17,True,False,(-2.83, 1.31, -0.45),Yellow,(0.05, 0.05, 0.05),1,0
2025-01-07 11:11:08,6.18,True,False,(-2.83, 1.27, -0.57),Yellow,(0.05, 0.05, 0.05),1,0
2025-01-07 11:11:08,6.20,True,False,(-2.83, 1.28, -0.50),Yellow,(0.05, 0.05, 0.05),1,0
2025-01-07 11:11:08,6.21,True,False,(-2.83, 1.26, -0.61),Yellow,(0.05, 0.05, 0.05),1,0
2025-01-07 11:11:08,6.22,True,False,(-2.83, 1.27, -0.54),Yellow,(0.05, 0.05, 0.05),1,0
2025-01-07 11:11:08,6.24,True,False,(-2.83, 1.27, -0.47),Yellow,(0.05, 0.05, 0.05),1,0
2025-01-07 11:11:08,6.25,True,False,(-2.83, 1.27, -0.40),Yellow,(0.05, 0.05, 0.05),1,0
2025-01-07 11:11:08,6.27,True,False,(-2.83, 1.27, -0.33),Yellow,(0.05, 0.05, 0.05),1,0
2025-01-07 11:11:08,6.28,True,False,(-2.83, 1.32, 0.05),Yellow,(0.05, 0.05, 0.05),1,0
2025-01-07 11:11:08,6.29,True,False,(-2.83, 1.33, 0.10),Yellow,(0.05, 0.05, 0.05),1,0
2025-01-07 11:11:08,6.31,True,False,(-2.83, 1.33, 0.15),Yellow,(0.05, 0.05, 0.05),1,0
2025-01-07 11:11:08,6.32,True,False,(-2.83, 1.33, 0.21),Yellow,(0.05, 0.05, 0.05),1,0
2025-01-07 11:11:09,6.34,True,False,(-2.83, 1.33, 0.26),Yellow,(0.05, 0.05, 0.05),1,0
2025-01-07 11:11:09,6.35,True,False,(-2.83, 1.30, 0.17),Yellow,(0.05, 0.05, 0.05),1,0
2025-01-07 11:11:09,6.36,True,False,(-2.83, 1.30, 0.22),Yellow,(0.05, 0.05, 0.05),1,0
2025-01-07 11:11:09,6.38,True,False,(-2.83, 1.28, 0.14),Yellow,(0.05, 0.05, 0.05),1,0
2025-01-07 11:11:09,6.39,True,False,(-2.83, 1.27, 0.20),Yellow,(0.05, 0.05, 0.05),1,0
2025-01-07 11:11:09,6.41,True,False,(-2.83, 1.26, 0.26),Yellow,(0.05, 0.05, 0.05),1,0
2025-01-07 11:11:09,6.42,True,False,(-2.83, 1.25, 0.31),Yellow,(0.05, 0.05, 0.05),1,0
2025-01-07 11:11:09,6.43,True,False,(-2.83, 1.25, 0.37),Yellow,(0.05, 0.05, 0.05),1,0
2025-01-07 11:11:09,6.45,True,False,(-2.83, 1.23, 0.45),Yellow,(0.05, 0.05, 0.05),1,0
2025-01-07 11:11:09,6.46,True,False,(-2.83, 1.23, 0.51),Yellow,(0.05, 0.05, 0.05),1,0
2025-01-07 11:11:09,6.47,True,False,(-2.83, 1.22, 0.64),Yellow,(0.05, 0.05, 0.05),1,0
2025-01-07 11:11:09,6.49,True,False,(-2.83, 1.21, 0.70),Yellow,(0.05, 0.05, 0.05),1,0
2025-01-07 11:11:09,6.50,True,False,(-2.83, 1.21, 0.75),Yellow,(0.05, 0.05, 0.05),1,0
2025-01-07 11:11:09,6.52,True,False,(-2.83, 1.15, 1.01),Yellow,(0.05, 0.05, 0.05),1,0
2025-01-07 11:11:09,6.54,True,False,(-2.83, 1.14, 1.06),Yellow,(0.05, 0.05, 0.05),1,0
2025-01-07 11:11:09,6.55,True,False,(-2.83, 1.14, 1.52),Yellow,(0.05, 0.05, 0.05),1,0
2025-01-07 11:11:09,6.56,True,False,(-2.83, 1.13, 1.57),Yellow,(0.05, 0.05, 0.05),1,0
2025-01-07 11:11:09,6.57,True,False,(-2.83, 1.13, 1.83),Yellow,(0.05, 0.05, 0.05),1,0
2025-01-07 11:11:09,6.59,True,False,(-2.83, 1.13, 1.84),Yellow,(0.05, 0.05, 0.05),1,0
2025-01-07 11:11:09,6.60,True,False,(-2.83, 1.12, 1.89),Yellow,(0.05, 0.05, 0.05),1,0
2025-01-07 11:11:09,6.61,True,False,(-2.83, 1.12, 1.95),Yellow,(0.05, 0.05, 0.05),1,0
2025-01-07 11:11:09,6.63,True,False,(-2.83, 1.11, 2.01),Yellow,(0.05, 0.05, 0.05),1,0
2025-01-07 11:11:09,6.64,True,False,(-2.83, 1.07, 1.92),Yellow,(0.05, 0.05, 0.05),1,0
2025-01-07 11:11:09,6.66,True,False,(-2.83, 1.06, 1.98),Yellow,(0.05, 0.05, 0.05),1,0
2025-01-07 11:11:09,6.67,True,False,(-2.83, 1.06, 2.03),Yellow,(0.05, 0.05, 0.05),1,0
2025-01-07 11:11:09,6.68,True,False,(-2.83, 1.06, 1.95),Yellow,(0.05, 0.05, 0.05),1,0
2025-01-07 11:11:09,6.70,True,False,(-2.83, 1.06, 2.00),Yellow,(0.05, 0.05, 0.05),1,0
2025-01-07 11:11:09,6.71,True,False,(-2.83, 1.11, 1.90),Yellow,(0.05, 0.05, 0.05),1,0
2025-01-07 11:11:09,6.73,True,False,(-2.83, 1.11, 1.95),Yellow,(0.05, 0.05, 0.05),1,0
2025-01-07 11:11:09,6.74,True,False,(-2.83, 1.11, 1.86),Yellow,(0.05, 0.05, 0.05),1,0
2025-01-07 11:11:09,6.76,True,False,(-2.83, 1.10, 1.91),Yellow,(0.05, 0.05, 0.05),1,0
2025-01-07 11:11:09,6.77,True,False,(-2.83, 1.09, 1.95),Yellow,(0.05, 0.05, 0.05),1,0
2025-01-07 11:11:09,6.78,True,False,(-2.83, 1.07, 1.88),Yellow,(0.05, 0.05, 0.05),1,0
2025-01-07 11:11:09,6.79,True,False,(-2.83, 1.06, 1.92),Yellow,(0.05, 0.05, 0.05),1,0
2025-01-07 11:11:09,6.81,True,False,(-2.83, 1.05, 1.82),Yellow,(0.05, 0.05, 0.05),1,0
2025-01-07 11:11:09,6.82,True,False,(-2.83, 1.04, 1.86),Yellow,(0.05, 0.05, 0.05),1,0
2025-01-07 11:11:09,6.84,True,False,(-2.83, 1.03, 1.91),Yellow,(0.05, 0.05, 0.05),1,0
2025-01-07 11:11:09,6.85,True,False,(-2.83, 1.02, 1.83),Yellow,(0.05, 0.05, 0.05),1,0
2025-01-07 11:11:09,6.86,True,False,(-2.83, 1.01, 1.87),Yellow,(0.05, 0.05, 0.05),1,0
2025-01-07 11:11:09,6.88,True,False,(-2.83, 1.02, 1.91),Yellow,(0.05, 0.05, 0.05),1,0
2025-01-07 11:11:09,6.89,True,False,(-2.83, 1.01, 1.95),Yellow,(0.05, 0.05, 0.05),1,0
2025-01-07 11:11:09,6.90,True,False,(-2.83, 1.07, 2.31),Yellow,(0.05, 0.05, 0.05),1,0
2025-01-07 11:11:09,6.92,True,False,(-2.83, 1.06, 2.36),Yellow,(0.05, 0.05, 0.05),1,0
2025-01-07 11:11:09,6.93,True,False,(-2.83, 1.05, 2.40),Yellow,(0.05, 0.05, 0.05),1,0
2025-01-07 11:11:09,6.95,True,False,(-3.60, 1.18, 2.42),Yellow,(0.05, 0.05, 0.05),1,0
2025-01-07 11:11:09,6.96,True,False,(-3.80, 1.18, 2.27),Yellow,(0.05, 0.05, 0.05),1,0
2025-01-07 11:11:09,6.97,True,False,(-3.80, 1.27, 2.42),Yellow,(0.05, 0.05, 0.05),1,0
2025-01-07 11:11:09,6.99,True,False,(-3.84, 1.27, 2.42),Yellow,(0.05, 0.05, 0.05),1,0
2025-01-07 11:11:09,7.00,True,False,(-3.88, 1.26, 2.42),Yellow,(0.05, 0.05, 0.05),1,0
2025-01-07 11:11:09,7.02,True,False,(-3.91, 1.26, 2.42),Yellow,(0.05, 0.05, 0.05),1,0
2025-01-07 11:11:09,7.03,True,False,(-3.95, 1.26, 2.42),Yellow,(0.05, 0.05, 0.05),1,0
2025-01-07 11:11:09,7.04,True,False,(-3.86, 1.24, 2.42),Yellow,(0.05, 0.05, 0.05),1,0
2025-01-07 11:11:09,7.06,True,False,(-3.92, 1.23, 2.40),Yellow,(0.05, 0.05, 0.05),1,0
2025-01-07 11:11:09,7.07,True,False,(-3.92, 1.23, 2.36),Yellow,(0.05, 0.05, 0.05),1,0
2025-01-07 11:11:09,7.09,True,False,(-3.92, 1.23, 2.40),Yellow,(0.05, 0.05, 0.05),1,0
2025-01-07 11:11:09,7.10,True,False,(-3.94, 1.22, 2.42),Yellow,(0.05, 0.05, 0.05),1,0
2025-01-07 11:11:09,7.11,True,False,(-3.92, 1.22, 2.37),Yellow,(0.05, 0.05, 0.05),1,0
2025-01-07 11:11:09,7.13,True,False,(-3.92, 1.22, 2.42),Yellow,(0.05, 0.05, 0.05),1,0
2025-01-07 11:11:09,7.14,True,False,(-3.92, 1.22, 2.36),Yellow,(0.05, 0.05, 0.05),1,0
2025-01-07 11:11:09,7.16,True,False,(-3.92, 1.22, 2.40),Yellow,(0.05, 0.05, 0.05),1,0
2025-01-07 11:11:09,7.17,True,False,(-3.94, 1.21, 2.42),Yellow,(0.05, 0.05, 0.05),1,0
2025-01-07 11:11:09,7.18,True,False,(-3.92, 1.21, 2.40),Yellow,(0.05, 0.05, 0.05),1,0
2025-01-07 11:11:09,7.20,True,False,(-3.94, 1.21, 2.42),Yellow,(0.05, 0.05, 0.05),1,0
2025-01-07 11:11:09,7.21,True,False,(-3.97, 1.20, 2.42),Yellow,(0.05, 0.05, 0.05),1,0
2025-01-07 11:11:09,7.23,True,False,(-4.00, 1.20, 2.42),Yellow,(0.05, 0.05, 0.05),1,0
2025-01-07 11:11:09,7.24,True,False,(-4.24, 1.19, 2.26),Yellow,(0.05, 0.05, 0.05),1,0
2025-01-07 11:11:09,7.25,True,False,(-4.26, 1.19, 2.26),Yellow,(0.05, 0.05, 0.05),1,0
2025-01-07 11:11:09,7.27,True,False,(-4.29, 1.19, 2.26),Yellow,(0.05, 0.05, 0.05),1,0
2025-01-07 11:11:09,7.28,True,False,(-4.30, 1.19, 2.26),Yellow,(0.05, 0.05, 0.05),1,0
2025-01-07 11:11:09,7.30,True,False,(-4.32, 1.19, 2.26),Yellow,(0.05, 0.05, 0.05),1,0
2025-01-07 11:11:09,7.31,True,False,(-4.30, 1.19, 2.26),Yellow,(0.05, 0.05, 0.05),1,0
2025-01-07 11:11:09,7.32,True,False,(-4.32, 1.19, 2.26),Yellow,(0.05, 0.05, 0.05),1,0
2025-01-07 11:11:10,7.34,True,False,(-4.33, 1.18, 2.26),Yellow,(0.05, 0.05, 0.05),1,0
2025-01-07 11:11:10,7.35,True,False,(-4.32, 1.18, 2.26),Yellow,(0.05, 0.05, 0.05),1,0
2025-01-07 11:11:10,7.36,True,False,(-4.34, 1.18, 2.26),Yellow,(0.05, 0.05, 0.05),1,0
2025-01-07 11:11:10,7.38,True,False,(-4.30, 1.19, 2.26),Yellow,(0.05, 0.05, 0.05),1,0
2025-01-07 11:11:10,7.39,True,False,(-4.32, 1.18, 2.26),Yellow,(0.05, 0.05, 0.05),1,0
2025-01-07 11:11:10,7.41,True,False,(-4.33, 1.18, 2.26),Yellow,(0.05, 0.05, 0.05),1,0
2025-01-07 11:11:10,7.42,True,False,(-4.30, 1.18, 2.26),Yellow,(0.05, 0.05, 0.05),1,0
2025-01-07 11:11:10,7.43,True,False,(-4.32, 1.17, 2.26),Yellow,(0.05, 0.05, 0.05),1,0
2025-01-07 11:11:10,7.45,True,False,(-4.29, 1.15, 2.26),Yellow,(0.05, 0.05, 0.05),1,0
2025-01-07 11:11:10,7.46,True,False,(-4.30, 1.14, 2.26),Yellow,(0.05, 0.05, 0.05),1,0
2025-01-07 11:11:10,7.48,True,False,(-4.26, 1.13, 2.26),Yellow,(0.05, 0.05, 0.05),1,0
2025-01-07 11:11:10,7.49,True,False,(-4.27, 1.12, 2.26),Yellow,(0.05, 0.05, 0.05),1,0
2025-01-07 11:11:10,7.50,True,False,(-4.28, 1.11, 2.26),Yellow,(0.05, 0.05, 0.05),1,0
2025-01-07 11:11:10,7.52,True,False,(-4.27, 1.14, 2.26),Yellow,(0.05, 0.05, 0.05),1,0
2025-01-07 11:11:10,7.53,True,False,(-4.28, 1.14, 2.26),Yellow,(0.05, 0.05, 0.05),1,0
2025-01-07 11:11:10,7.55,True,False,(-4.91, 1.23, 1.25),Yellow,(0.05, 0.05, 0.05),1,0
2025-01-07 11:11:10,7.56,True,False,(-4.92, 1.23, 1.24),Yellow,(0.05, 0.05, 0.05),1,0
2025-01-07 11:11:10,7.57,True,False,(-4.93, 1.23, 1.22),Yellow,(0.05, 0.05, 0.05),1,0
2025-01-07 11:11:10,7.59,True,False,(-4.94, 1.23, 1.20),Yellow,(0.05, 0.05, 0.05),1,0
2025-01-07 11:11:10,7.60,True,False,(-4.94, 1.23, 1.20),Yellow,(0.05, 0.05, 0.05),1,0
2025-01-07 11:11:10,7.62,True,False,(-4.94, 1.23, 1.20),Yellow,(0.05, 0.05, 0.05),1,0
2025-01-07 11:11:10,7.63,True,False,(-4.94, 1.23, 1.20),Yellow,(0.05, 0.05, 0.05),1,0
2025-01-07 11:11:10,7.64,True,False,(-4.94, 1.23, 1.20),Yellow,(0.05, 0.05, 0.05),1,0
2025-01-07 11:11:10,7.66,True,False,(-4.94, 1.23, 1.20),Yellow,(0.05, 0.05, 0.05),1,0
2025-01-07 11:11:10,7.67,True,False,(-4.94, 1.23, 1.20),Yellow,(0.05, 0.05, 0.05),1,0
2025-01-07 11:11:10,7.69,True,False,(-4.94, 1.23, 1.20),Yellow,(0.05, 0.05, 0.05),1,0
2025-01-07 11:11:10,7.70,True,False,(-4.94, 1.23, 1.21),Yellow,(0.05, 0.05, 0.05),1,0
2025-01-07 11:11:10,7.71,True,False,(-4.94, 1.24, 1.21),Yellow,(0.05, 0.05, 0.05),1,0
2025-01-07 11:11:10,7.73,True,False,(-4.94, 1.24, 1.22),Yellow,(0.05, 0.05, 0.05),1,0
2025-01-07 11:11:10,7.74,True,False,(-4.94, 1.24, 1.22),Yellow,(0.05, 0.05, 0.05),1,0
2025-01-07 11:11:10,7.75,True,False,(-4.94, 1.24, 1.22),Yellow,(0.05, 0.05, 0.05),1,0
2025-01-07 11:11:10,7.77,True,False,(-4.93, 1.24, 1.23),Yellow,(0.05, 0.05, 0.05),1,0
2025-01-07 11:11:10,7.78,True,False,(-4.93, 1.25, 1.24),Yellow,(0.05, 0.05, 0.05),1,0
2025-01-07 11:11:10,7.80,True,False,(-4.93, 1.25, 1.24),Yellow,(0.05, 0.05, 0.05),1,0
2025-01-07 11:11:10,7.81,True,False,(-4.93, 1.25, 1.24),Yellow,(0.05, 0.05, 0.05),1,0
2025-01-07 11:11:10,7.83,True,False,(-4.93, 1.25, 1.25),Yellow,(0.05, 0.05, 0.05),1,0
2025-01-07 11:11:10,7.84,True,False,(-4.93, 1.26, 1.26),Yellow,(0.05, 0.05, 0.05),1,0
2025-01-07 11:11:10,7.85,True,False,(-4.92, 1.26, 1.27),Yellow,(0.05, 0.05, 0.05),1,0
2025-01-07 11:11:10,7.87,True,False,(-4.92, 1.26, 1.28),Yellow,(0.05, 0.05, 0.05),1,0
2025-01-07 11:11:10,7.88,True,False,(-4.42, 1.25, 2.42),Yellow,(0.05, 0.05, 0.05),1,0
2025-01-07 11:11:10,7.89,True,False,(-4.42, 1.28, 2.42),Yellow,(0.05, 0.05, 0.05),1,0
2025-01-07 11:11:10,7.91,True,False,(-4.47, 1.55, 2.42),Yellow,(0.05, 0.05, 0.05),1,0
2025-01-07 11:11:10,7.92,True,False,(-4.47, 1.58, 2.42),Yellow,(0.05, 0.05, 0.05),1,0
2025-01-07 11:11:10,7.94,True,False,(-4.47, 1.61, 2.42),Yellow,(0.05, 0.05, 0.05),1,0
2025-01-07 11:11:10,7.95,True,False,(-4.51, 1.81, 2.42),Yellow,(0.05, 0.05, 0.05),1,0
2025-01-07 11:11:10,7.96,True,False,(-4.51, 1.84, 2.42),Yellow,(0.05, 0.05, 0.05),1,0
2025-01-07 11:11:10,7.98,True,False,(-4.54, 1.87, 2.42),Yellow,(0.05, 0.05, 0.05),1,0
2025-01-07 11:11:10,7.99,True,False,(-4.54, 1.90, 2.42),Yellow,(0.05, 0.05, 0.05),1,0
2025-01-07 11:11:10,8.01,True,False,(-4.55, 1.93, 2.42),Yellow,(0.05, 0.05, 0.05),1,0
2025-01-07 11:11:10,8.02,True,False,(-4.57, 1.96, 2.42),Yellow,(0.05, 0.05, 0.05),1,0
2025-01-07 11:11:10,8.03,True,False,(-4.57, 1.99, 2.42),Yellow,(0.05, 0.05, 0.05),1,0
2025-01-07 11:11:10,8.05,True,False,(-4.58, 1.98, 2.42),Yellow,(0.05, 0.05, 0.05),1,0
2025-01-07 11:11:10,8.06,True,False,(-4.58, 2.01, 2.42),Yellow,(0.05, 0.05, 0.05),1,0
2025-01-07 11:11:10,8.08,True,False,(-4.58, 2.03, 2.42),Yellow,(0.05, 0.05, 0.05),1,0
2025-01-07 11:11:10,8.09,True,False,(-4.58, 2.06, 2.42),Yellow,(0.05, 0.05, 0.05),1,0
2025-01-07 11:11:10,8.10,True,False,(-4.58, 2.08, 2.42),Yellow,(0.05, 0.05, 0.05),1,0
2025-01-07 11:11:10,8.12,True,False,(-4.58, 2.12, 2.42),Yellow,(0.05, 0.05, 0.05),1,0
2025-01-07 11:11:10,8.13,True,False,(-4.58, 2.14, 2.42),Yellow,(0.05, 0.05, 0.05),1,0
2025-01-07 11:11:10,8.14,True,False,(-4.40, 2.22, 2.42),Yellow,(0.05, 0.05, 0.05),1,0
2025-01-07 11:11:10,8.16,True,False,(-4.40, 2.23, 2.42),Yellow,(0.05, 0.05, 0.05),1,0
2025-01-07 11:11:10,8.17,True,False,(-4.40, 2.25, 2.42),Yellow,(0.05, 0.05, 0.05),1,0
2025-01-07 11:11:10,8.19,True,False,(-4.40, 2.26, 2.42),Yellow,(0.05, 0.05, 0.05),1,0
2025-01-07 11:11:10,8.20,True,False,(-4.39, 2.27, 2.42),Yellow,(0.05, 0.05, 0.05),1,0
2025-01-07 11:11:10,8.22,True,False,(-4.43, 2.27, 2.42),Yellow,(0.05, 0.05, 0.05),1,0
2025-01-07 11:11:10,8.23,True,False,(-4.43, 2.27, 2.42),Yellow,(0.05, 0.05, 0.05),1,0
2025-01-07 11:11:10,8.24,True,False,(-4.43, 2.30, 2.42),Yellow,(0.05, 0.05, 0.05),1,0
2025-01-07 11:11:10,8.26,True,False,(-4.42, 2.31, 2.42),Yellow,(0.05, 0.05, 0.05),1,0
2025-01-07 11:11:10,8.27,True,False,(-4.41, 2.31, 2.42),Yellow,(0.05, 0.05, 0.05),1,0
2025-01-07 11:11:10,8.28,True,False,(-4.40, 2.31, 2.42),Yellow,(0.05, 0.05, 0.05),1,0
2025-01-07 11:11:10,8.30,True,False,(-4.39, 2.32, 2.42),Yellow,(0.05, 0.05, 0.05),1,0
2025-01-07 11:11:10,8.31,True,False,(-4.42, 2.29, 2.42),Yellow,(0.05, 0.05, 0.05),1,0
2025-01-07 11:11:11,8.33,True,False,(-4.41, 2.29, 2.42),Yellow,(0.05, 0.05, 0.05),1,0
2025-01-07 11:11:11,8.34,True,False,(-4.40, 2.29, 2.42),Yellow,(0.05, 0.05, 0.05),1,0
2025-01-07 11:11:11,8.35,True,False,(-4.40, 2.22, 2.42),Yellow,(0.05, 0.05, 0.05),1,0
2025-01-07 11:11:11,8.37,True,False,(-4.39, 2.22, 2.42),Yellow,(0.05, 0.05, 0.05),1,0
2025-01-07 11:11:11,8.38,True,False,(-4.38, 2.23, 2.42),Yellow,(0.05, 0.05, 0.05),1,0
2025-01-07 11:11:11,8.40,True,False,(-4.38, 2.23, 2.42),Yellow,(0.05, 0.05, 0.05),1,0
2025-01-07 11:11:11,8.41,True,False,(-4.37, 2.24, 2.42),Yellow,(0.05, 0.05, 0.05),1,0
2025-01-07 11:11:11,8.42,True,False,(-4.35, 2.24, 2.42),Yellow,(0.05, 0.05, 0.05),1,0
2025-01-07 11:11:11,8.44,True,False,(-4.34, 2.24, 2.42),Yellow,(0.05, 0.05, 0.05),1,0
2025-01-07 11:11:11,8.45,True,False,(-4.33, 2.26, 2.42),Yellow,(0.05, 0.05, 0.05),1,0
2025-01-07 11:11:11,8.47,True,False,(-4.32, 2.27, 2.42),Yellow,(0.05, 0.05, 0.05),1,0
2025-01-07 11:11:11,8.48,True,False,(-4.31, 2.28, 2.42),Yellow,(0.05, 0.05, 0.05),1,0
2025-01-07 11:11:11,8.49,True,False,(-4.29, 2.30, 2.42),Yellow,(0.05, 0.05, 0.05),1,0
2025-01-07 11:11:11,8.51,True,False,(-4.28, 2.32, 2.42),Yellow,(0.05, 0.05, 0.05),1,0
2025-01-07 11:11:11,8.52,True,False,(-4.27, 2.33, 2.42),Yellow,(0.05, 0.05, 0.05),1,0
2025-01-07 11:11:11,8.53,True,False,(-4.25, 2.35, 2.42),Yellow,(0.05, 0.05, 0.05),1,0
2025-01-07 11:11:11,8.55,True,False,(-4.18, 2.48, 2.42),Yellow,(0.05, 0.05, 0.05),1,0
2025-01-07 11:11:11,8.56,True,False,(-4.17, 2.50, 2.42),Yellow,(0.05, 0.05, 0.05),1,0
2025-01-07 11:11:11,8.58,True,False,(-4.17, 2.52, 2.42),Yellow,(0.05, 0.05, 0.05),1,0
2025-01-07 11:11:11,8.59,True,False,(-4.17, 2.54, 2.42),Yellow,(0.05, 0.05, 0.05),1,0
2025-01-07 11:11:11,8.60,True,False,(-4.21, 2.53, 2.42),Yellow,(0.05, 0.05, 0.05),1,0
2025-01-07 11:11:11,8.62,True,False,(-4.21, 2.54, 2.42),Yellow,(0.05, 0.05, 0.05),1,0
2025-01-07 11:11:11,8.63,True,False,(-4.28, 2.55, 2.42),Yellow,(0.05, 0.05, 0.05),1,0
2025-01-07 11:11:11,8.65,True,False,(-4.29, 2.56, 2.42),Yellow,(0.05, 0.05, 0.05),1,0
2025-01-07 11:11:11,8.66,True,False,(-4.29, 2.57, 2.42),Yellow,(0.05, 0.05, 0.05),1,0
2025-01-07 11:11:11,8.67,True,False,(-4.30, 2.58, 2.42),Yellow,(0.05, 0.05, 0.05),1,0
2025-01-07 11:11:11,8.69,True,False,(-4.29, 2.58, 2.42),Yellow,(0.05, 0.05, 0.05),1,0
2025-01-07 11:11:11,8.70,True,False,(-4.28, 2.57, 2.42),Yellow,(0.05, 0.05, 0.05),1,0
2025-01-07 11:11:11,8.72,True,False,(-4.28, 2.57, 2.42),Yellow,(0.05, 0.05, 0.05),1,0
2025-01-07 11:11:11,8.73,True,False,(-4.28, 2.57, 2.42),Yellow,(0.05, 0.05, 0.05),1,0
2025-01-07 11:11:11,8.74,True,False,(-4.28, 2.56, 2.42),Yellow,(0.05, 0.05, 0.05),1,0
2025-01-07 11:11:11,8.76,True,False,(-4.27, 2.54, 2.42),Yellow,(0.05, 0.05, 0.05),1,0
2025-01-07 11:11:11,8.77,True,False,(-4.27, 2.53, 2.42),Yellow,(0.05, 0.05, 0.05),1,0
2025-01-07 11:11:11,8.79,True,False,(-4.26, 2.52, 2.42),Yellow,(0.05, 0.05, 0.05),1,0
2025-01-07 11:11:11,8.80,True,False,(-4.25, 2.52, 2.42),Yellow,(0.05, 0.05, 0.05),1,0
2025-01-07 11:11:11,8.82,True,False,(-4.26, 2.52, 2.42),Yellow,(0.05, 0.05, 0.05),1,0
2025-01-07 11:11:11,8.83,True,False,(-4.26, 2.52, 2.42),Yellow,(0.05, 0.05, 0.05),1,0
2025-01-07 11:11:11,8.84,True,False,(-4.27, 2.51, 2.42),Yellow,(0.05, 0.05, 0.05),1,0
2025-01-07 11:11:11,8.86,True,False,(-4.29, 2.49, 2.42),Yellow,(0.05, 0.05, 0.05),1,0
2025-01-07 11:11:11,8.87,True,False,(-4.28, 2.47, 2.42),Yellow,(0.05, 0.05, 0.05),1,0
2025-01-07 11:11:11,8.88,True,False,(-4.28, 2.46, 2.42),Yellow,(0.05, 0.05, 0.05),1,0
2025-01-07 11:11:11,8.90,True,False,(-4.29, 2.45, 2.42),Yellow,(0.05, 0.05, 0.05),1,0
2025-01-07 11:11:11,8.91,True,False,(-4.30, 2.45, 2.42),Yellow,(0.05, 0.05, 0.05),1,0
2025-01-07 11:11:11,8.93,True,False,(-4.31, 2.44, 2.42),Yellow,(0.05, 0.05, 0.05),1,0
2025-01-07 11:11:11,8.94,True,False,(-4.29, 2.42, 2.42),Yellow,(0.05, 0.05, 0.05),1,0
2025-01-07 11:11:11,8.95,True,False,(-4.30, 2.42, 2.42),Yellow,(0.05, 0.05, 0.05),1,0
2025-01-07 11:11:11,8.97,True,False,(-4.30, 2.42, 2.42),Yellow,(0.05, 0.05, 0.05),1,0
2025-01-07 11:11:11,8.98,True,False,(-4.31, 2.42, 2.42),Yellow,(0.05, 0.05, 0.05),1,0
2025-01-07 11:11:11,8.99,True,False,(-4.32, 2.41, 2.42),Yellow,(0.05, 0.05, 0.05),1,0
2025-01-07 11:11:11,9.01,True,False,(-4.31, 2.42, 2.42),Yellow,(0.05, 0.05, 0.05),1,0
2025-01-07 11:11:11,9.02,True,False,(-4.31, 2.41, 2.42),Yellow,(0.05, 0.05, 0.05),1,0
2025-01-07 11:11:11,9.04,True,False,(-4.34, 2.40, 2.42),Yellow,(0.05, 0.05, 0.05),1,0
2025-01-07 11:11:11,9.05,True,False,(-4.35, 2.40, 2.42),Yellow,(0.05, 0.05, 0.05),1,0
2025-01-07 11:11:11,9.06,True,False,(-4.35, 2.39, 2.42),Yellow,(0.05, 0.05, 0.05),1,0
2025-01-07 11:11:11,9.08,True,False,(-4.32, 2.42, 2.42),Yellow,(0.05, 0.05, 0.05),1,0
2025-01-07 11:11:11,9.09,True,False,(-4.33, 2.41, 2.42),Yellow,(0.05, 0.05, 0.05),1,0
2025-01-07 11:11:11,9.11,True,False,(-4.33, 2.41, 2.42),Yellow,(0.05, 0.05, 0.05),1,0
2025-01-07 11:11:11,9.12,True,False,(-4.34, 2.40, 2.42),Yellow,(0.05, 0.05, 0.05),1,0
2025-01-07 11:11:11,9.13,True,False,(-4.34, 2.41, 2.42),Yellow,(0.05, 0.05, 0.05),1,0
2025-01-07 11:11:11,9.15,True,False,(-4.34, 2.40, 2.42),Yellow,(0.05, 0.05, 0.05),1,0
2025-01-07 11:11:11,9.16,True,False,(-4.33, 2.39, 2.42),Yellow,(0.05, 0.05, 0.05),1,0
2025-01-07 11:11:11,9.18,True,False,(-4.31, 2.39, 2.42),Yellow,(0.05, 0.05, 0.05),1,0
2025-01-07 11:11:11,9.19,True,False,(-4.30, 2.37, 2.42),Yellow,(0.05, 0.05, 0.05),1,0
2025-01-07 11:11:11,9.20,True,False,(-4.34, 2.35, 2.42),Yellow,(0.05, 0.05, 0.05),1,0
2025-01-07 11:11:11,9.22,True,False,(-4.34, 2.34, 2.42),Yellow,(0.05, 0.05, 0.05),1,0
2025-01-07 11:11:11,9.23,True,False,(-4.29, 2.34, 2.42),Yellow,(0.05, 0.05, 0.05),1,0
2025-01-07 11:11:11,9.24,True,False,(-4.28, 2.33, 2.42),Yellow,(0.05, 0.05, 0.05),1,0
2025-01-07 11:11:11,9.26,True,False,(-4.27, 2.32, 2.42),Yellow,(0.05, 0.05, 0.05),1,0
2025-01-07 11:11:11,9.27,True,False,(-4.27, 2.31, 2.42),Yellow,(0.05, 0.05, 0.05),1,0
2025-01-07 11:11:11,9.29,True,False,(-4.26, 2.31, 2.42),Yellow,(0.05, 0.05, 0.05),1,0
2025-01-07 11:11:11,9.30,True,False,(-4.24, 2.33, 2.42),Yellow,(0.05, 0.05, 0.05),1,0
2025-01-07 11:11:11,9.31,True,False,(-4.24, 2.32, 2.42),Yellow,(0.05, 0.05, 0.05),1,0
2025-01-07 11:11:12,9.33,True,False,(-4.23, 2.31, 2.42),Yellow,(0.05, 0.05, 0.05),1,0
2025-01-07 11:11:12,9.34,True,False,(-4.22, 2.27, 2.42),Yellow,(0.05, 0.05, 0.05),1,0
2025-01-07 11:11:12,9.36,True,False,(-4.21, 2.25, 2.42),Yellow,(0.05, 0.05, 0.05),1,0
2025-01-07 11:11:12,9.37,True,False,(-4.23, 2.25, 2.42),Yellow,(0.05, 0.05, 0.05),1,0
2025-01-07 11:11:12,9.38,True,False,(-4.22, 2.24, 2.42),Yellow,(0.05, 0.05, 0.05),1,0
2025-01-07 11:11:12,9.40,True,False,(-4.22, 2.23, 2.42),Yellow,(0.05, 0.05, 0.05),1,0
2025-01-07 11:11:12,9.41,True,False,(-4.21, 2.23, 2.42),Yellow,(0.05, 0.05, 0.05),1,0
2025-01-07 11:11:12,9.43,True,False,(-4.21, 2.22, 2.42),Yellow,(0.05, 0.05, 0.05),1,0
2025-01-07 11:11:12,9.44,True,False,(-4.22, 2.21, 2.42),Yellow,(0.05, 0.05, 0.05),1,0
2025-01-07 11:11:12,9.45,True,False,(-4.22, 2.20, 2.42),Yellow,(0.05, 0.05, 0.05),1,0
2025-01-07 11:11:12,9.47,True,False,(-4.22, 2.19, 2.42),Yellow,(0.05, 0.05, 0.05),1,0
2025-01-07 11:11:12,9.48,True,False,(-4.22, 2.18, 2.42),Yellow,(0.05, 0.05, 0.05),1,0
2025-01-07 11:11:12,9.50,True,False,(-4.22, 2.18, 2.42),Yellow,(0.05, 0.05, 0.05),1,0
2025-01-07 11:11:12,9.51,True,False,(-4.22, 2.16, 2.42),Yellow,(0.05, 0.05, 0.05),1,0
2025-01-07 11:11:12,9.52,True,False,(-4.22, 2.15, 2.42),Yellow,(0.05, 0.05, 0.05),1,0
2025-01-07 11:11:12,9.54,True,False,(-4.23, 2.14, 2.42),Yellow,(0.05, 0.05, 0.05),1,0
2025-01-07 11:11:12,9.55,True,False,(-4.23, 2.14, 2.42),Yellow,(0.05, 0.05, 0.05),1,0
2025-01-07 11:11:12,9.57,True,False,(-4.22, 2.12, 2.42),Yellow,(0.05, 0.05, 0.05),1,0
2025-01-07 11:11:12,9.58,True,False,(-4.23, 2.12, 2.42),Yellow,(0.05, 0.05, 0.05),1,0
2025-01-07 11:11:12,9.59,True,False,(-4.23, 2.11, 2.42),Yellow,(0.05, 0.05, 0.05),1,0
2025-01-07 11:11:12,9.62,True,False,(-4.22, 2.09, 2.42),Yellow,(0.05, 0.05, 0.05),1,0
2025-01-07 11:11:12,9.62,True,False,(-4.22, 2.09, 2.42),Yellow,(0.05, 0.05, 0.05),1,0
2025-01-07 11:11:12,9.64,True,False,(-4.20, 2.10, 2.42),Yellow,(0.05, 0.05, 0.05),1,0
2025-01-07 11:11:12,9.65,True,False,(-4.20, 2.10, 2.42),Yellow,(0.05, 0.05, 0.05),1,0
2025-01-07 11:11:12,9.66,True,False,(-4.20, 2.10, 2.42),Yellow,(0.05, 0.05, 0.05),1,0
2025-01-07 11:11:12,9.68,True,False,(-4.19, 2.09, 2.42),Yellow,(0.05, 0.05, 0.05),1,0
2025-01-07 11:11:12,9.69,True,False,(-4.19, 2.08, 2.42),Yellow,(0.05, 0.05, 0.05),1,0
2025-01-07 11:11:12,9.70,True,False,(-4.19, 2.05, 2.42),Yellow,(0.05, 0.05, 0.05),1,0
2025-01-07 11:11:12,9.72,True,False,(-4.19, 2.05, 2.42),Yellow,(0.05, 0.05, 0.05),1,0
2025-01-07 11:11:12,9.73,True,False,(-4.19, 2.04, 2.42),Yellow,(0.05, 0.05, 0.05),1,0
2025-01-07 11:11:12,9.75,True,False,(-4.21, 2.02, 2.42),Yellow,(0.05, 0.05, 0.05),1,0
2025-01-07 11:11:12,9.76,True,False,(-4.21, 2.01, 2.42),Yellow,(0.05, 0.05, 0.05),1,0
2025-01-07 11:11:12,9.77,True,False,(-4.21, 2.03, 2.42),Yellow,(0.05, 0.05, 0.05),1,0
2025-01-07 11:11:12,9.79,True,False,(-4.21, 2.03, 2.42),Yellow,(0.05, 0.05, 0.05),1,0
2025-01-07 11:11:12,9.80,True,False,(-4.23, 2.02, 2.42),Yellow,(0.05, 0.05, 0.05),1,0
2025-01-07 11:11:12,9.82,True,False,(-4.24, 2.02, 2.42),Yellow,(0.05, 0.05, 0.05),1,0
2025-01-07 11:11:12,9.83,True,False,(-4.24, 2.01, 2.42),Yellow,(0.05, 0.05, 0.05),1,0
2025-01-07 11:11:12,9.84,True,False,(-4.23, 2.02, 2.42),Yellow,(0.05, 0.05, 0.05),1,0
2025-01-07 11:11:12,9.86,True,False,(-4.24, 2.01, 2.42),Yellow,(0.05, 0.05, 0.05),1,0
2025-01-07 11:11:12,9.87,True,False,(-4.25, 2.01, 2.42),Yellow,(0.05, 0.05, 0.05),1,0
2025-01-07 11:11:12,9.89,True,False,(-4.26, 2.00, 2.42),Yellow,(0.05, 0.05, 0.05),1,0
2025-01-07 11:11:12,9.90,True,False,(-4.26, 2.00, 2.42),Yellow,(0.05, 0.05, 0.05),1,0
2025-01-07 11:11:12,9.91,True,False,(-4.24, 2.00, 2.42),Yellow,(0.05, 0.05, 0.05),1,0
2025-01-07 11:11:12,9.93,True,False,(-4.25, 1.99, 2.42),Yellow,(0.05, 0.05, 0.05),1,0
2025-01-07 11:11:12,9.94,True,False,(-4.27, 1.99, 2.42),Yellow,(0.05, 0.05, 0.05),1,0
2025-01-07 11:11:12,9.96,True,False,(-4.27, 1.99, 2.42),Yellow,(0.05, 0.05, 0.05),1,0
2025-01-07 11:11:12,9.97,True,False,(-4.25, 1.99, 2.42),Yellow,(0.05, 0.05, 0.05),1,0
2025-01-07 11:11:12,9.98,True,False,(-4.26, 1.99, 2.42),Yellow,(0.05, 0.05, 0.05),1,0
2025-01-07 11:11:12,10.00,True,False,(-4.26, 1.99, 2.42),Yellow,(0.05, 0.05, 0.05),1,0
2025-01-07 11:11:12,10.01,True,False,(-4.28, 1.98, 2.42),Yellow,(0.05, 0.05, 0.05),1,0
2025-01-07 11:11:12,10.03,True,False,(-4.28, 1.98, 2.42),Yellow,(0.05, 0.05, 0.05),1,0
2025-01-07 11:11:12,10.04,True,False,(-4.26, 1.98, 2.42),Yellow,(0.05, 0.05, 0.05),1,0
2025-01-07 11:11:12,10.05,True,False,(-4.26, 1.98, 2.42),Yellow,(0.05, 0.05, 0.05),1,0
2025-01-07 11:11:12,10.07,True,False,(-4.27, 1.98, 2.42),Yellow,(0.05, 0.05, 0.05),1,0
2025-01-07 11:11:12,10.08,True,False,(-4.26, 1.98, 2.42),Yellow,(0.05, 0.05, 0.05),1,0
2025-01-07 11:11:12,10.09,True,False,(-4.26, 1.98, 2.42),Yellow,(0.05, 0.05, 0.05),1,0
2025-01-07 11:11:12,10.11,True,False,(-4.26, 1.98, 2.42),Yellow,(0.05, 0.05, 0.05),1,0
2025-01-07 11:11:12,10.12,True,False,(-4.26, 1.98, 2.42),Yellow,(0.05, 0.05, 0.05),1,0
2025-01-07 11:11:12,10.14,True,False,(-4.28, 2.00, 2.42),Yellow,(0.05, 0.05, 0.05),1,0
2025-01-07 11:11:12,10.15,True,False,(-4.28, 2.00, 2.42),Yellow,(0.05, 0.05, 0.05),1,0
2025-01-07 11:11:12,10.16,True,False,(-4.28, 2.00, 2.42),Yellow,(0.05, 0.05, 0.05),1,0
2025-01-07 11:11:12,10.18,True,False,(-4.29, 2.01, 2.42),Yellow,(0.05, 0.05, 0.05),1,0
2025-01-07 11:11:12,10.19,True,False,(-4.29, 2.01, 2.42),Yellow,(0.05, 0.05, 0.05),1,0
2025-01-07 11:11:12,10.21,True,False,(-4.29, 2.01, 2.42),Yellow,(0.05, 0.05, 0.05),1,0
2025-01-07 11:11:12,10.22,True,False,(-4.29, 2.01, 2.42),Yellow,(0.05, 0.05, 0.05),1,0
2025-01-07 11:11:12,10.23,True,False,(-4.29, 2.01, 2.42),Yellow,(0.05, 0.05, 0.05),1,0
2025-01-07 11:11:12,10.25,True,False,(-4.29, 2.00, 2.42),Yellow,(0.05, 0.05, 0.05),1,0
2025-01-07 11:11:12,10.26,True,False,(-4.29, 2.00, 2.42),Yellow,(0.05, 0.05, 0.05),1,0
2025-01-07 11:11:12,10.28,True,False,(-4.28, 1.98, 2.42),Yellow,(0.05, 0.05, 0.05),1,0
2025-01-07 11:11:12,10.29,True,False,(-4.28, 1.98, 2.42),Yellow,(0.05, 0.05, 0.05),1,0
2025-01-07 11:11:12,10.30,True,False,(-4.27, 1.98, 2.42),Yellow,(0.05, 0.05, 0.05),1,0
2025-01-07 11:11:12,10.32,True,False,(-4.27, 1.98, 2.42),Yellow,(0.05, 0.05, 0.05),1,0
2025-01-07 11:11:13,10.33,True,False,(-4.27, 1.98, 2.42),Yellow,(0.05, 0.05, 0.05),1,0
2025-01-07 11:11:13,10.34,True,False,(-4.27, 1.97, 2.42),Yellow,(0.05, 0.05, 0.05),1,0
2025-01-07 11:11:13,10.36,True,False,(-4.27, 1.97, 2.42),Yellow,(0.05, 0.05, 0.05),1,0
2025-01-07 11:11:13,10.37,True,False,(-4.25, 1.98, 2.42),Yellow,(0.05, 0.05, 0.05),1,0
2025-01-07 11:11:13,10.39,True,False,(-4.25, 1.98, 2.42),Yellow,(0.05, 0.05, 0.05),1,0
2025-01-07 11:11:13,10.40,True,False,(-4.23, 1.99, 2.42),Yellow,(0.05, 0.05, 0.05),1,0
2025-01-07 11:11:13,10.42,True,False,(-4.23, 1.99, 2.42),Yellow,(0.05, 0.05, 0.05),1,0
2025-01-07 11:11:13,10.43,True,False,(-4.23, 1.99, 2.42),Yellow,(0.05, 0.05, 0.05),1,0
2025-01-07 11:11:13,10.44,True,False,(-4.22, 1.99, 2.42),Yellow,(0.05, 0.05, 0.05),1,0
2025-01-07 11:11:13,10.46,True,False,(-4.22, 1.99, 2.42),Yellow,(0.05, 0.05, 0.05),1,0
2025-01-07 11:11:13,10.47,True,False,(-4.22, 1.98, 2.42),Yellow,(0.05, 0.05, 0.05),1,0
2025-01-07 11:11:13,10.48,True,False,(-4.22, 1.98, 2.42),Yellow,(0.05, 0.05, 0.05),1,0
2025-01-07 11:11:13,10.50,True,False,(-4.22, 1.98, 2.42),Yellow,(0.05, 0.05, 0.05),1,0
2025-01-07 11:11:13,10.51,True,False,(-4.25, 1.98, 2.42),Yellow,(0.05, 0.05, 0.05),1,0
2025-01-07 11:11:13,10.53,True,False,(-4.25, 1.98, 2.42),Yellow,(0.05, 0.05, 0.05),1,0
2025-01-07 11:11:13,10.54,True,False,(-4.25, 1.98, 2.42),Yellow,(0.05, 0.05, 0.05),1,0
2025-01-07 11:11:13,10.55,True,False,(-4.25, 1.98, 2.42),Yellow,(0.05, 0.05, 0.05),1,0
2025-01-07 11:11:13,10.57,True,False,(-4.26, 1.98, 2.42),Yellow,(0.05, 0.05, 0.05),1,0
2025-01-07 11:11:13,10.58,True,False,(-4.26, 1.98, 2.42),Yellow,(0.05, 0.05, 0.05),1,0
2025-01-07 11:11:13,10.60,True,False,(-4.26, 1.98, 2.42),Yellow,(0.05, 0.05, 0.05),1,0
2025-01-07 11:11:13,10.61,True,False,(-4.25, 1.98, 2.42),Yellow,(0.05, 0.05, 0.05),1,0
2025-01-07 11:11:13,10.62,True,False,(-4.25, 1.98, 2.42),Yellow,(0.05, 0.05, 0.05),1,0
2025-01-07 11:11:13,10.65,True,False,(-4.26, 2.00, 2.42),Yellow,(0.05, 0.05, 0.05),1,0
2025-01-07 11:11:13,10.74,True,False,(-4.26, 2.00, 2.42),Yellow,(0.05, 0.05, 0.05),1,0
2025-01-07 11:11:13,10.76,True,False,(-4.26, 1.97, 2.42),Yellow,(0.05, 0.05, 0.05),1,0
2025-01-07 11:11:13,10.77,True,False,(-4.26, 1.97, 2.42),Yellow,(0.05, 0.05, 0.05),1,0
2025-01-07 11:11:13,10.79,True,False,(-4.26, 1.96, 2.42),Yellow,(0.05, 0.05, 0.05),1,0
2025-01-07 11:11:13,10.80,True,False,(-4.27, 1.95, 2.42),Yellow,(0.05, 0.05, 0.05),1,0
2025-01-07 11:11:13,10.81,True,False,(-4.27, 1.95, 2.42),Yellow,(0.05, 0.05, 0.05),1,0
2025-01-07 11:11:13,10.83,True,False,(-4.27, 1.95, 2.42),Yellow,(0.05, 0.05, 0.05),1,0
2025-01-07 11:11:13,10.84,True,False,(-4.27, 1.95, 2.42),Yellow,(0.05, 0.05, 0.05),1,0
2025-01-07 11:11:13,10.86,True,False,(-4.27, 1.95, 2.42),Yellow,(0.05, 0.05, 0.05),1,0
2025-01-07 11:11:13,10.87,True,False,(-4.27, 1.95, 2.42),Yellow,(0.05, 0.05, 0.05),1,0
2025-01-07 11:11:13,10.89,True,False,(-4.27, 1.95, 2.42),Yellow,(0.05, 0.05, 0.05),1,0
2025-01-07 11:11:13,10.90,True,False,(-4.27, 1.96, 2.42),Yellow,(0.05, 0.05, 0.05),1,0
2025-01-07 11:11:13,10.91,True,False,(-4.27, 1.96, 2.42),Yellow,(0.05, 0.05, 0.05),1,0
2025-01-07 11:11:13,10.93,True,False,(-4.27, 1.96, 2.42),Yellow,(0.05, 0.05, 0.05),1,0
2025-01-07 11:11:13,10.94,True,False,(-4.27, 1.95, 2.42),Yellow,(0.05, 0.05, 0.05),1,0
2025-01-07 11:11:13,10.96,True,False,(-4.27, 1.95, 2.42),Yellow,(0.05, 0.05, 0.05),1,0
2025-01-07 11:11:13,10.97,True,False,(-4.27, 1.95, 2.42),Yellow,(0.05, 0.05, 0.05),1,0
2025-01-07 11:11:13,10.98,True,False,(-4.27, 1.95, 2.42),Yellow,(0.05, 0.05, 0.05),1,0
2025-01-07 11:11:13,11.00,True,False,(-4.27, 1.95, 2.42),Yellow,(0.05, 0.05, 0.05),1,0
2025-01-07 11:11:13,11.01,True,False,(-4.26, 1.95, 2.42),Yellow,(0.05, 0.05, 0.05),1,0
2025-01-07 11:11:13,11.03,True,False,(-4.26, 1.95, 2.42),Yellow,(0.05, 0.05, 0.05),1,0
2025-01-07 11:11:13,11.04,True,False,(-4.27, 1.94, 2.42),Yellow,(0.05, 0.05, 0.05),1,0
2025-01-07 11:11:13,11.06,True,False,(-4.27, 1.94, 2.42),Yellow,(0.05, 0.05, 0.05),1,0
2025-01-07 11:11:13,11.07,True,False,(-4.26, 1.94, 2.42),Yellow,(0.05, 0.05, 0.05),1,0
2025-01-07 11:11:13,11.08,True,False,(-4.27, 1.95, 2.42),Yellow,(0.05, 0.05, 0.05),1,0
2025-01-07 11:11:13,11.10,True,False,(-4.27, 1.95, 2.42),Yellow,(0.05, 0.05, 0.05),1,0
2025-01-07 11:11:13,11.11,True,False,(-4.27, 1.92, 2.42),Yellow,(0.05, 0.05, 0.05),1,0
2025-01-07 11:11:13,11.12,True,False,(-4.27, 1.92, 2.42),Yellow,(0.05, 0.05, 0.05),1,0
2025-01-07 11:11:13,11.14,True,False,(-4.27, 1.92, 2.42),Yellow,(0.05, 0.05, 0.05),1,0
2025-01-07 11:11:13,11.15,True,False,(-4.27, 1.92, 2.42),Yellow,(0.05, 0.05, 0.05),1,0
2025-01-07 11:11:13,11.16,True,False,(-4.27, 1.92, 2.42),Yellow,(0.05, 0.05, 0.05),1,0
2025-01-07 11:11:13,11.18,True,False,(-4.27, 1.91, 2.42),Yellow,(0.05, 0.05, 0.05),1,0
2025-01-07 11:11:13,11.19,True,False,(-4.26, 1.91, 2.42),Yellow,(0.05, 0.05, 0.05),1,0
2025-01-07 11:11:13,11.21,True,False,(-4.27, 1.91, 2.42),Yellow,(0.05, 0.05, 0.05),1,0
2025-01-07 11:11:13,11.22,True,False,(-4.27, 1.91, 2.42),Yellow,(0.05, 0.05, 0.05),1,0
2025-01-07 11:11:13,11.23,True,False,(-4.27, 1.91, 2.42),Yellow,(0.05, 0.05, 0.05),1,0
2025-01-07 11:11:13,11.25,True,False,(-4.28, 1.91, 2.42),Yellow,(0.05, 0.05, 0.05),1,0
2025-01-07 11:11:13,11.26,True,False,(-4.28, 1.91, 2.42),Yellow,(0.05, 0.05, 0.05),1,0
2025-01-07 11:11:13,11.28,True,False,(-4.28, 1.91, 2.42),Yellow,(0.05, 0.05, 0.05),1,0
2025-01-07 11:11:13,11.29,True,False,(-4.28, 1.91, 2.42),Yellow,(0.05, 0.05, 0.05),1,0
2025-01-07 11:11:13,11.30,True,False,(-4.28, 1.91, 2.42),Yellow,(0.05, 0.05, 0.05),1,0
2025-01-07 11:11:13,11.32,True,False,(-4.28, 1.91, 2.42),Yellow,(0.05, 0.05, 0.05),1,0
2025-01-07 11:11:14,11.33,True,False,(-4.28, 1.91, 2.42),Yellow,(0.05, 0.05, 0.05),1,0
2025-01-07 11:11:14,11.35,True,False,(-4.27, 1.91, 2.42),Yellow,(0.05, 0.05, 0.05),1,0
2025-01-07 11:11:14,11.36,True,False,(-4.27, 1.91, 2.42),Yellow,(0.05, 0.05, 0.05),1,0
2025-01-07 11:11:14,11.37,True,False,(-4.28, 1.91, 2.42),Yellow,(0.05, 0.05, 0.05),1,0
2025-01-07 11:11:14,11.39,True,False,(-4.28, 1.91, 2.42),Yellow,(0.05, 0.05, 0.05),1,0
2025-01-07 11:11:14,11.40,True,False,(-4.28, 1.91, 2.42),Yellow,(0.05, 0.05, 0.05),1,0
2025-01-07 11:11:14,11.42,True,False,(-4.28, 1.91, 2.42),Yellow,(0.05, 0.05, 0.05),1,0
2025-01-07 11:11:14,11.43,True,False,(-4.28, 1.91, 2.42),Yellow,(0.05, 0.05, 0.05),1,0
2025-01-07 11:11:14,11.44,True,False,(-4.28, 1.91, 2.42),Yellow,(0.05, 0.05, 0.05),1,0
2025-01-07 11:11:14,11.46,True,False,(-4.28, 1.91, 2.42),Yellow,(0.05, 0.05, 0.05),1,0
2025-01-07 11:11:14,11.47,True,False,(-4.27, 1.91, 2.42),Yellow,(0.05, 0.05, 0.05),1,0
2025-01-07 11:11:14,11.49,True,False,(-4.27, 1.91, 2.42),Yellow,(0.05, 0.05, 0.05),1,0
2025-01-07 11:11:14,11.50,True,False,(-4.27, 1.91, 2.42),Yellow,(0.05, 0.05, 0.05),1,0
2025-01-07 11:11:14,11.51,True,False,(-4.25, 1.89, 2.42),Yellow,(0.05, 0.05, 0.05),1,0
2025-01-07 11:11:14,11.53,True,False,(-4.25, 1.89, 2.42),Yellow,(0.05, 0.05, 0.05),1,0
2025-01-07 11:11:14,11.54,True,False,(-4.25, 1.89, 2.42),Yellow,(0.05, 0.05, 0.05),1,0
2025-01-07 11:11:14,11.56,True,False,(-4.25, 1.89, 2.42),Yellow,(0.05, 0.05, 0.05),1,0
2025-01-07 11:11:14,11.57,True,False,(-4.25, 1.91, 2.42),Yellow,(0.05, 0.05, 0.05),1,0
2025-01-07 11:11:14,11.58,True,False,(-4.25, 1.91, 2.42),Yellow,(0.05, 0.05, 0.05),1,0
2025-01-07 11:11:14,11.60,True,False,(-4.25, 1.91, 2.42),Yellow,(0.05, 0.05, 0.05),1,0
2025-01-07 11:11:14,11.61,True,False,(-4.25, 1.91, 2.42),Yellow,(0.05, 0.05, 0.05),1,0
2025-01-07 11:11:14,11.62,True,False,(-4.25, 1.91, 2.42),Yellow,(0.05, 0.05, 0.05),1,0
2025-01-07 11:11:14,11.64,True,False,(-4.26, 1.91, 2.42),Yellow,(0.05, 0.05, 0.05),1,0
2025-01-07 11:11:14,11.65,True,False,(-4.26, 1.91, 2.42),Yellow,(0.05, 0.05, 0.05),1,0
2025-01-07 11:11:14,11.67,True,False,(-4.26, 1.91, 2.42),Yellow,(0.05, 0.05, 0.05),1,0
2025-01-07 11:11:14,11.68,True,False,(-4.28, 1.91, 2.42),Yellow,(0.05, 0.05, 0.05),1,0
2025-01-07 11:11:14,11.69,True,False,(-4.28, 1.91, 2.42),Yellow,(0.05, 0.05, 0.05),1,0
2025-01-07 11:11:14,11.71,True,False,(-4.28, 1.92, 2.42),Yellow,(0.05, 0.05, 0.05),1,0
2025-01-07 11:11:14,11.72,True,False,(-4.28, 1.92, 2.42),Yellow,(0.05, 0.05, 0.05),1,0
2025-01-07 11:11:14,11.74,True,False,(-4.27, 1.92, 2.42),Yellow,(0.05, 0.05, 0.05),1,0
2025-01-07 11:11:14,11.75,True,False,(-4.27, 1.92, 2.42),Yellow,(0.05, 0.05, 0.05),1,0
2025-01-07 11:11:14,11.76,True,False,(-4.27, 1.92, 2.42),Yellow,(0.05, 0.05, 0.05),1,0
2025-01-07 11:11:14,11.78,True,False,(-4.27, 1.92, 2.42),Yellow,(0.05, 0.05, 0.05),1,0
2025-01-07 11:11:14,11.79,True,False,(-4.27, 1.92, 2.42),Yellow,(0.05, 0.05, 0.05),1,0
2025-01-07 11:11:14,11.81,True,False,(-4.27, 1.91, 2.42),Yellow,(0.05, 0.05, 0.05),1,0
2025-01-07 11:11:14,11.82,True,False,(-4.27, 1.91, 2.42),Yellow,(0.05, 0.05, 0.05),1,0
2025-01-07 11:11:14,11.83,True,False,(-4.27, 1.91, 2.42),Yellow,(0.05, 0.05, 0.05),1,0
2025-01-07 11:11:14,11.85,True,False,(-4.27, 1.90, 2.42),Yellow,(0.05, 0.05, 0.05),1,0
2025-01-07 11:11:14,11.86,True,False,(-4.27, 1.90, 2.42),Yellow,(0.05, 0.05, 0.05),1,0
2025-01-07 11:11:14,11.88,True,False,(-4.28, 1.90, 2.42),Yellow,(0.05, 0.05, 0.05),1,0
2025-01-07 11:11:14,11.89,True,False,(-4.28, 1.90, 2.42),Yellow,(0.05, 0.05, 0.05),1,0
2025-01-07 11:11:14,11.90,True,False,(-4.28, 1.90, 2.42),Yellow,(0.05, 0.05, 0.05),1,0
2025-01-07 11:11:14,11.92,True,False,(-4.28, 1.90, 2.42),Yellow,(0.05, 0.05, 0.05),1,0
2025-01-07 11:11:14,11.93,True,False,(-4.28, 1.89, 2.42),Yellow,(0.05, 0.05, 0.05),1,0
2025-01-07 11:11:14,11.95,True,False,(-4.28, 1.90, 2.42),Yellow,(0.05, 0.05, 0.05),1,0
2025-01-07 11:11:14,11.96,True,False,(-4.27, 1.90, 2.42),Yellow,(0.05, 0.05, 0.05),1,0
2025-01-07 11:11:14,11.97,True,False,(-4.27, 1.90, 2.42),Yellow,(0.05, 0.05, 0.05),1,0
2025-01-07 11:11:14,11.99,True,False,(-4.27, 1.90, 2.42),Yellow,(0.05, 0.05, 0.05),1,0
2025-01-07 11:11:14,12.00,True,False,(-4.27, 1.90, 2.42),Yellow,(0.05, 0.05, 0.05),1,0
2025-01-07 11:11:14,12.02,True,False,(-4.25, 1.89, 2.42),Yellow,(0.05, 0.05, 0.05),1,0
2025-01-07 11:11:14,12.03,True,False,(-4.25, 1.88, 2.42),Yellow,(0.05, 0.05, 0.05),1,0
2025-01-07 11:11:14,12.04,True,False,(-4.25, 1.88, 2.42),Yellow,(0.05, 0.05, 0.05),1,0
2025-01-07 11:11:14,12.06,True,False,(-4.25, 1.89, 2.42),Yellow,(0.05, 0.05, 0.05),1,0
2025-01-07 11:11:14,12.07,True,False,(-4.25, 1.89, 2.42),Yellow,(0.05, 0.05, 0.05),1,0
2025-01-07 11:11:14,12.08,True,False,(-4.25, 1.90, 2.42),Yellow,(0.05, 0.05, 0.05),1,0
2025-01-07 11:11:14,12.10,True,False,(-4.25, 1.90, 2.42),Yellow,(0.05, 0.05, 0.05),1,0
2025-01-07 11:11:14,12.11,True,False,(-4.25, 1.90, 2.42),Yellow,(0.05, 0.05, 0.05),1,0
2025-01-07 11:11:14,12.13,True,False,(-4.25, 1.90, 2.42),Yellow,(0.05, 0.05, 0.05),1,0
2025-01-07 11:11:14,12.14,True,False,(-4.25, 1.88, 2.42),Yellow,(0.05, 0.05, 0.05),1,0
2025-01-07 11:11:14,12.15,True,False,(-4.25, 1.88, 2.42),Yellow,(0.05, 0.05, 0.05),1,0
2025-01-07 11:11:14,12.17,True,False,(-4.24, 1.88, 2.42),Yellow,(0.05, 0.05, 0.05),1,0
2025-01-07 11:11:14,12.18,True,False,(-4.24, 1.88, 2.42),Yellow,(0.05, 0.05, 0.05),1,0
2025-01-07 11:11:14,12.20,True,False,(-4.24, 1.88, 2.42),Yellow,(0.05, 0.05, 0.05),1,0
2025-01-07 11:11:14,12.21,True,False,(-4.25, 1.89, 2.42),Yellow,(0.05, 0.05, 0.05),1,0
2025-01-07 11:11:14,12.22,True,False,(-4.24, 1.89, 2.42),Yellow,(0.05, 0.05, 0.05),1,0
2025-01-07 11:11:14,12.24,True,False,(-4.24, 1.89, 2.42),Yellow,(0.05, 0.05, 0.05),1,0
2025-01-07 11:11:14,12.25,True,False,(-4.23, 1.89, 2.42),Yellow,(0.05, 0.05, 0.05),1,0
2025-01-07 11:11:14,12.27,True,False,(-4.23, 1.89, 2.42),Yellow,(0.05, 0.05, 0.05),1,0
2025-01-07 11:11:14,12.28,True,False,(-4.23, 1.89, 2.42),Yellow,(0.05, 0.05, 0.05),1,0
2025-01-07 11:11:14,12.29,True,False,(-4.23, 1.89, 2.42),Yellow,(0.05, 0.05, 0.05),1,0
2025-01-07 11:11:14,12.31,True,False,(-4.21, 1.89, 2.42),Yellow,(0.05, 0.05, 0.05),1,0
2025-01-07 11:11:14,12.32,True,False,(-4.20, 1.89, 2.42),Yellow,(0.05, 0.05, 0.05),1,0
2025-01-07 11:11:15,12.34,True,False,(-4.20, 1.90, 2.42),Yellow,(0.05, 0.05, 0.05),1,0
2025-01-07 11:11:15,12.35,True,False,(-4.20, 1.92, 2.42),Yellow,(0.05, 0.05, 0.05),1,0
2025-01-07 11:11:15,12.36,True,False,(-4.19, 1.92, 2.42),Yellow,(0.05, 0.05, 0.05),1,0
2025-01-07 11:11:15,12.38,True,False,(-4.19, 1.93, 2.42),Yellow,(0.05, 0.05, 0.05),1,0
2025-01-07 11:11:15,12.39,True,False,(-4.18, 1.93, 2.42),Yellow,(0.05, 0.05, 0.05),1,0
2025-01-07 11:11:15,12.41,True,False,(-4.18, 1.93, 2.42),Yellow,(0.05, 0.05, 0.05),1,0
2025-01-07 11:11:15,12.42,True,False,(-4.18, 1.94, 2.42),Yellow,(0.05, 0.05, 0.05),1,0
2025-01-07 11:11:15,12.43,True,False,(-4.17, 1.94, 2.42),Yellow,(0.05, 0.05, 0.05),1,0
2025-01-07 11:11:15,12.45,True,False,(-4.15, 1.95, 2.42),Yellow,(0.05, 0.05, 0.05),1,0
2025-01-07 11:11:15,12.46,True,False,(-4.15, 1.95, 2.42),Yellow,(0.05, 0.05, 0.05),1,0
2025-01-07 11:11:15,12.48,True,False,(-4.14, 1.95, 2.42),Yellow,(0.05, 0.05, 0.05),1,0
2025-01-07 11:11:15,12.49,True,False,(-4.14, 1.95, 2.42),Yellow,(0.05, 0.05, 0.05),1,0
2025-01-07 11:11:15,12.50,True,False,(-4.14, 1.95, 2.42),Yellow,(0.05, 0.05, 0.05),1,0
2025-01-07 11:11:15,12.52,True,False,(-4.12, 1.95, 2.42),Yellow,(0.05, 0.05, 0.05),1,0
2025-01-07 11:11:15,12.53,True,False,(-4.12, 1.95, 2.42),Yellow,(0.05, 0.05, 0.05),1,0
2025-01-07 11:11:15,12.54,True,False,(-4.11, 1.96, 2.42),Yellow,(0.05, 0.05, 0.05),1,0
2025-01-07 11:11:15,12.56,True,False,(-4.11, 1.96, 2.42),Yellow,(0.05, 0.05, 0.05),1,0
2025-01-07 11:11:15,12.57,True,False,(-4.10, 1.94, 2.42),Yellow,(0.05, 0.05, 0.05),1,0
2025-01-07 11:11:15,12.59,True,False,(-4.10, 1.94, 2.42),Yellow,(0.05, 0.05, 0.05),1,0
2025-01-07 11:11:15,12.60,True,False,(-4.10, 1.94, 2.42),Yellow,(0.05, 0.05, 0.05),1,0
2025-01-07 11:11:15,12.61,True,False,(-4.10, 1.94, 2.42),Yellow,(0.05, 0.05, 0.05),1,0
2025-01-07 11:11:15,12.63,True,False,(-4.10, 1.94, 2.42),Yellow,(0.05, 0.05, 0.05),1,0
2025-01-07 11:11:15,12.64,True,False,(-4.12, 1.92, 2.42),Yellow,(0.05, 0.05, 0.05),1,0
2025-01-07 11:11:15,12.66,True,False,(-4.12, 1.93, 2.42),Yellow,(0.05, 0.05, 0.05),1,0
2025-01-07 11:11:15,12.67,True,False,(-4.12, 1.92, 2.42),Yellow,(0.05, 0.05, 0.05),1,0
2025-01-07 11:11:15,12.68,True,False,(-4.13, 1.93, 2.42),Yellow,(0.05, 0.05, 0.05),1,0
2025-01-07 11:11:15,12.70,True,False,(-4.13, 1.93, 2.42),Yellow,(0.05, 0.05, 0.05),1,0
2025-01-07 11:11:15,12.71,True,False,(-4.13, 1.93, 2.42),Yellow,(0.05, 0.05, 0.05),1,0
2025-01-07 11:11:15,12.73,True,False,(-4.13, 1.92, 2.42),Yellow,(0.05, 0.05, 0.05),1,0
2025-01-07 11:11:15,12.74,True,False,(-4.13, 1.92, 2.42),Yellow,(0.05, 0.05, 0.05),1,0
2025-01-07 11:11:15,12.76,True,False,(-4.13, 1.93, 2.42),Yellow,(0.05, 0.05, 0.05),1,0
2025-01-07 11:11:15,12.77,True,False,(-4.13, 1.93, 2.42),Yellow,(0.05, 0.05, 0.05),1,0
2025-01-07 11:11:15,12.78,True,False,(-4.13, 1.92, 2.42),Yellow,(0.05, 0.05, 0.05),1,0
2025-01-07 11:11:15,12.80,True,False,(-4.13, 1.92, 2.42),Yellow,(0.05, 0.05, 0.05),1,0
2025-01-07 11:11:15,12.81,True,False,(-4.13, 1.92, 2.42),Yellow,(0.05, 0.05, 0.05),1,0
2025-01-07 11:11:15,12.82,True,False,(-4.13, 1.92, 2.42),Yellow,(0.05, 0.05, 0.05),1,0
2025-01-07 11:11:15,12.84,True,False,(-4.13, 1.92, 2.42),Yellow,(0.05, 0.05, 0.05),1,0
2025-01-07 11:11:15,12.85,True,False,(-4.12, 1.92, 2.42),Yellow,(0.05, 0.05, 0.05),1,0
2025-01-07 11:11:15,12.87,True,False,(-4.12, 1.91, 2.42),Yellow,(0.05, 0.05, 0.05),1,0
2025-01-07 11:11:15,12.88,True,False,(-4.12, 1.91, 2.42),Yellow,(0.05, 0.05, 0.05),1,0
2025-01-07 11:11:15,12.89,True,False,(-4.12, 1.91, 2.42),Yellow,(0.05, 0.05, 0.05),1,0
2025-01-07 11:11:15,12.91,True,False,(-4.12, 1.93, 2.42),Yellow,(0.05, 0.05, 0.05),1,0
2025-01-07 11:11:15,12.92,True,False,(-4.12, 1.93, 2.42),Yellow,(0.05, 0.05, 0.05),1,0
2025-01-07 11:11:15,12.94,True,False,(-4.12, 1.93, 2.42),Yellow,(0.05, 0.05, 0.05),1,0
2025-01-07 11:11:15,12.95,True,False,(-4.12, 1.93, 2.42),Yellow,(0.05, 0.05, 0.05),1,0
2025-01-07 11:11:15,12.96,True,False,(-4.12, 1.93, 2.42),Yellow,(0.05, 0.05, 0.05),1,0
2025-01-07 11:11:15,12.98,True,False,(-4.15, 1.93, 2.42),Yellow,(0.05, 0.05, 0.05),1,0
2025-01-07 11:11:15,12.99,True,False,(-4.15, 1.93, 2.42),Yellow,(0.05, 0.05, 0.05),1,0
2025-01-07 11:11:15,13.00,True,False,(-4.15, 1.93, 2.42),Yellow,(0.05, 0.05, 0.05),1,0
2025-01-07 11:11:15,13.02,True,False,(-4.15, 1.93, 2.42),Yellow,(0.05, 0.05, 0.05),1,0
2025-01-07 11:11:15,13.03,True,False,(-4.15, 1.93, 2.42),Yellow,(0.05, 0.05, 0.05),1,0
2025-01-07 11:11:15,13.05,True,False,(-4.15, 1.92, 2.42),Yellow,(0.05, 0.05, 0.05),1,0
2025-01-07 11:11:15,13.06,True,False,(-4.15, 1.92, 2.42),Yellow,(0.05, 0.05, 0.05),1,0
2025-01-07 11:11:15,13.07,True,False,(-4.15, 1.90, 2.42),Yellow,(0.05, 0.05, 0.05),1,0
2025-01-07 11:11:15,13.09,True,False,(-4.15, 1.90, 2.42),Yellow,(0.05, 0.05, 0.05),1,0
2025-01-07 11:11:15,13.10,True,False,(-4.15, 1.89, 2.42),Yellow,(0.05, 0.05, 0.05),1,0
2025-01-07 11:11:15,13.12,True,False,(-4.14, 1.89, 2.42),Yellow,(0.05, 0.05, 0.05),1,0
2025-01-07 11:11:15,13.13,True,False,(-4.14, 1.89, 2.42),Yellow,(0.05, 0.05, 0.05),1,0
2025-01-07 11:11:15,13.14,True,False,(-4.13, 1.89, 2.42),Yellow,(0.05, 0.05, 0.05),1,0
2025-01-07 11:11:15,13.16,True,False,(-4.13, 1.89, 2.42),Yellow,(0.05, 0.05, 0.05),1,0
2025-01-07 11:11:15,13.17,True,False,(-4.13, 1.89, 2.42),Yellow,(0.05, 0.05, 0.05),1,0
2025-01-07 11:11:15,13.19,True,False,(-4.13, 1.90, 2.42),Yellow,(0.05, 0.05, 0.05),1,0
2025-01-07 11:11:15,13.20,True,False,(-4.13, 1.90, 2.42),Yellow,(0.05, 0.05, 0.05),1,0
2025-01-07 11:11:15,13.21,True,False,(-4.16, 1.89, 2.42),Yellow,(0.05, 0.05, 0.05),1,0
2025-01-07 11:11:15,13.23,True,False,(-4.16, 1.89, 2.42),Yellow,(0.05, 0.05, 0.05),1,0
2025-01-07 11:11:15,13.24,True,False,(-4.16, 1.89, 2.42),Yellow,(0.05, 0.05, 0.05),1,0
2025-01-07 11:11:15,13.26,True,False,(-4.16, 1.89, 2.42),Yellow,(0.05, 0.05, 0.05),1,0
2025-01-07 11:11:15,13.27,True,False,(-4.16, 1.89, 2.42),Yellow,(0.05, 0.05, 0.05),1,0
2025-01-07 11:11:15,13.28,True,False,(-4.16, 1.89, 2.42),Yellow,(0.05, 0.05, 0.05),1,0
2025-01-07 11:11:15,13.30,True,False,(-4.15, 1.89, 2.42),Yellow,(0.05, 0.05, 0.05),1,0
2025-01-07 11:11:15,13.31,True,False,(-4.15, 1.89, 2.42),Yellow,(0.05, 0.05, 0.05),1,0
2025-01-07 11:11:15,13.33,True,False,(-4.14, 1.89, 2.42),Yellow,(0.05, 0.05, 0.05),1,0
2025-01-07 11:11:16,13.34,True,False,(-4.14, 1.89, 2.42),Yellow,(0.05, 0.05, 0.05),1,0
2025-01-07 11:11:16,13.35,True,False,(-4.14, 1.90, 2.42),Yellow,(0.05, 0.05, 0.05),1,0
2025-01-07 11:11:16,13.37,True,False,(-4.14, 1.90, 2.42),Yellow,(0.05, 0.05, 0.05),1,0
2025-01-07 11:11:16,13.38,True,False,(-4.14, 1.88, 2.42),Yellow,(0.05, 0.05, 0.05),1,0
2025-01-07 11:11:16,13.39,True,False,(-4.14, 1.88, 2.42),Yellow,(0.05, 0.05, 0.05),1,0
2025-01-07 11:11:16,13.41,True,False,(-4.15, 1.89, 2.42),Yellow,(0.05, 0.05, 0.05),1,0
2025-01-07 11:11:16,13.42,True,False,(-4.15, 1.89, 2.42),Yellow,(0.05, 0.05, 0.05),1,0
2025-01-07 11:11:16,13.44,True,False,(-4.15, 1.89, 2.42),Yellow,(0.05, 0.05, 0.05),1,0
2025-01-07 11:11:16,13.45,True,False,(-4.14, 1.88, 2.42),Yellow,(0.05, 0.05, 0.05),1,0
2025-01-07 11:11:16,13.46,True,False,(-4.14, 1.88, 2.42),Yellow,(0.05, 0.05, 0.05),1,0
2025-01-07 11:11:16,13.48,True,False,(-4.14, 1.89, 2.42),Yellow,(0.05, 0.05, 0.05),1,0
2025-01-07 11:11:16,13.49,True,False,(-4.14, 1.89, 2.42),Yellow,(0.05, 0.05, 0.05),1,0
2025-01-07 11:11:16,13.51,True,False,(-4.14, 1.89, 2.42),Yellow,(0.05, 0.05, 0.05),1,0
2025-01-07 11:11:16,13.52,True,False,(-4.14, 1.89, 2.42),Yellow,(0.05, 0.05, 0.05),1,0
2025-01-07 11:11:16,13.53,True,False,(-4.14, 1.89, 2.42),Yellow,(0.05, 0.05, 0.05),1,0
2025-01-07 11:11:16,13.55,True,False,(-4.14, 1.89, 2.42),Yellow,(0.05, 0.05, 0.05),1,0
2025-01-07 11:11:16,13.56,True,False,(-4.14, 1.89, 2.42),Yellow,(0.05, 0.05, 0.05),1,0
2025-01-07 11:11:16,13.58,True,False,(-4.14, 1.89, 2.42),Yellow,(0.05, 0.05, 0.05),1,0
2025-01-07 11:11:16,13.59,True,False,(-4.14, 1.90, 2.42),Yellow,(0.05, 0.05, 0.05),1,0
2025-01-07 11:11:16,13.60,True,False,(-4.14, 1.90, 2.42),Yellow,(0.05, 0.05, 0.05),1,0
2025-01-07 11:11:16,13.62,True,False,(-4.15, 1.91, 2.42),Yellow,(0.05, 0.05, 0.05),1,0
2025-01-07 11:11:16,13.63,True,False,(-4.15, 1.91, 2.42),Yellow,(0.05, 0.05, 0.05),1,0
2025-01-07 11:11:16,13.65,True,False,(-4.15, 1.89, 2.42),Yellow,(0.05, 0.05, 0.05),1,0
2025-01-07 11:11:16,13.66,True,False,(-4.15, 1.89, 2.42),Yellow,(0.05, 0.05, 0.05),1,0
2025-01-07 11:11:16,13.67,True,False,(-4.15, 1.89, 2.42),Yellow,(0.05, 0.05, 0.05),1,0
2025-01-07 11:11:16,13.69,True,False,(-4.16, 1.89, 2.42),Yellow,(0.05, 0.05, 0.05),1,0
2025-01-07 11:11:16,13.70,True,False,(-4.16, 1.89, 2.42),Yellow,(0.05, 0.05, 0.05),1,0
2025-01-07 11:11:16,13.72,True,False,(-4.14, 1.89, 2.42),Yellow,(0.05, 0.05, 0.05),1,0
2025-01-07 11:11:16,13.73,True,False,(-4.14, 1.89, 2.42),Yellow,(0.05, 0.05, 0.05),1,0
2025-01-07 11:11:16,13.74,True,False,(-4.14, 1.89, 2.42),Yellow,(0.05, 0.05, 0.05),1,0
2025-01-07 11:11:16,13.76,True,False,(-4.16, 1.90, 2.42),Yellow,(0.05, 0.05, 0.05),1,0
2025-01-07 11:11:16,13.77,True,False,(-4.16, 1.90, 2.42),Yellow,(0.05, 0.05, 0.05),1,0
2025-01-07 11:11:16,13.78,True,False,(-4.15, 1.91, 2.42),Yellow,(0.05, 0.05, 0.05),1,0
2025-01-07 11:11:16,13.80,True,False,(-4.15, 1.91, 2.42),Yellow,(0.05, 0.05, 0.05),1,0
2025-01-07 11:11:16,13.81,True,False,(-4.16, 1.91, 2.42),Yellow,(0.05, 0.05, 0.05),1,0
2025-01-07 11:11:16,13.83,True,False,(-4.16, 1.91, 2.42),Yellow,(0.05, 0.05, 0.05),1,0
2025-01-07 11:11:16,13.84,True,False,(-4.16, 1.91, 2.42),Yellow,(0.05, 0.05, 0.05),1,0
2025-01-07 11:11:16,13.85,True,False,(-4.15, 1.90, 2.42),Yellow,(0.05, 0.05, 0.05),1,0
2025-01-07 11:11:16,13.87,True,False,(-4.15, 1.90, 2.42),Yellow,(0.05, 0.05, 0.05),1,0
2025-01-07 11:11:16,13.88,True,False,(-4.15, 1.90, 2.42),Yellow,(0.05, 0.05, 0.05),1,0
2025-01-07 11:11:16,13.90,True,False,(-4.15, 1.90, 2.42),Yellow,(0.05, 0.05, 0.05),1,0
2025-01-07 11:11:16,13.91,True,False,(-4.15, 1.90, 2.42),Yellow,(0.05, 0.05, 0.05),1,0
2025-01-07 11:11:16,13.92,True,False,(-4.15, 1.90, 2.42),Yellow,(0.05, 0.05, 0.05),1,0
2025-01-07 11:11:16,13.94,True,False,(-4.15, 1.90, 2.42),Yellow,(0.05, 0.05, 0.05),1,0
2025-01-07 11:11:16,13.95,True,False,(-4.14, 1.90, 2.42),Yellow,(0.05, 0.05, 0.05),1,0
2025-01-07 11:11:16,13.97,True,False,(-4.14, 1.90, 2.42),Yellow,(0.05, 0.05, 0.05),1,0
2025-01-07 11:11:16,13.98,True,False,(-4.15, 1.88, 2.42),Yellow,(0.05, 0.05, 0.05),1,0
2025-01-07 11:11:16,13.99,True,False,(-4.15, 1.88, 2.42),Yellow,(0.05, 0.05, 0.05),1,0
2025-01-07 11:11:16,14.01,True,False,(-4.15, 1.88, 2.42),Yellow,(0.05, 0.05, 0.05),1,0
2025-01-07 11:11:16,14.02,True,False,(-4.15, 1.88, 2.42),Yellow,(0.05, 0.05, 0.05),1,0
2025-01-07 11:11:16,14.04,True,False,(-4.15, 1.88, 2.42),Yellow,(0.05, 0.05, 0.05),1,0
2025-01-07 11:11:16,14.05,True,False,(-4.15, 1.92, 2.42),Yellow,(0.05, 0.05, 0.05),1,0
2025-01-07 11:11:16,14.06,True,False,(-4.15, 1.91, 2.42),Yellow,(0.05, 0.05, 0.05),1,0
2025-01-07 11:11:16,14.08,True,False,(-4.16, 1.91, 2.42),Yellow,(0.05, 0.05, 0.05),1,0
2025-01-07 11:11:16,14.09,True,False,(-4.16, 1.91, 2.42),Yellow,(0.05, 0.05, 0.05),1,0
2025-01-07 11:11:16,14.11,True,False,(-4.16, 1.91, 2.42),Yellow,(0.05, 0.05, 0.05),1,0
2025-01-07 11:11:16,14.12,True,False,(-4.15, 1.89, 2.42),Yellow,(0.05, 0.05, 0.05),1,0
2025-01-07 11:11:16,14.13,True,False,(-4.15, 1.89, 2.42),Yellow,(0.05, 0.05, 0.05),1,0
2025-01-07 11:11:16,14.15,True,False,(-4.16, 1.89, 2.42),Yellow,(0.05, 0.05, 0.05),1,0
2025-01-07 11:11:16,14.16,True,False,(-4.16, 1.89, 2.42),Yellow,(0.05, 0.05, 0.05),1,0
2025-01-07 11:11:16,14.18,True,False,(-4.16, 1.89, 2.42),Yellow,(0.05, 0.05, 0.05),1,0
2025-01-07 11:11:16,14.19,True,False,(-4.16, 1.88, 2.42),Yellow,(0.05, 0.05, 0.05),1,0
2025-01-07 11:11:16,14.20,True,False,(-4.17, 1.88, 2.42),Yellow,(0.05, 0.05, 0.05),1,0
2025-01-07 11:11:16,14.22,True,False,(-4.17, 1.88, 2.42),Yellow,(0.05, 0.05, 0.05),1,0
2025-01-07 11:11:16,14.23,True,False,(-4.17, 1.87, 2.42),Yellow,(0.05, 0.05, 0.05),1,0
2025-01-07 11:11:16,14.25,True,False,(-4.17, 1.87, 2.42),Yellow,(0.05, 0.05, 0.05),1,0
2025-01-07 11:11:16,14.26,True,False,(-4.17, 1.88, 2.42),Yellow,(0.05, 0.05, 0.05),1,0
2025-01-07 11:11:16,14.27,True,False,(-4.17, 1.87, 2.42),Yellow,(0.05, 0.05, 0.05),1,0
2025-01-07 11:11:16,14.29,True,False,(-4.18, 1.86, 2.42),Yellow,(0.05, 0.05, 0.05),1,0
2025-01-07 11:11:16,14.30,True,False,(-4.17, 1.87, 2.42),Yellow,(0.05, 0.05, 0.05),1,0
2025-01-07 11:11:16,14.31,True,False,(-4.17, 1.87, 2.42),Yellow,(0.05, 0.05, 0.05),1,0
2025-01-07 11:11:17,14.33,True,False,(-4.17, 1.87, 2.42),Yellow,(0.05, 0.05, 0.05),1,0
2025-01-07 11:11:17,14.34,True,False,(-4.20, 1.86, 2.42),Yellow,(0.05, 0.05, 0.05),1,0
2025-01-07 11:11:17,14.36,True,False,(-4.20, 1.86, 2.42),Yellow,(0.05, 0.05, 0.05),1,0
2025-01-07 11:11:17,14.37,True,False,(-4.20, 1.86, 2.42),Yellow,(0.05, 0.05, 0.05),1,0
2025-01-07 11:11:17,14.38,True,False,(-4.17, 1.86, 2.42),Yellow,(0.05, 0.05, 0.05),1,0
2025-01-07 11:11:17,14.40,True,False,(-4.17, 1.86, 2.42),Yellow,(0.05, 0.05, 0.05),1,0
2025-01-07 11:11:17,14.41,True,False,(-4.17, 1.87, 2.42),Yellow,(0.05, 0.05, 0.05),1,0
2025-01-07 11:11:17,14.43,True,False,(-4.17, 1.87, 2.42),Yellow,(0.05, 0.05, 0.05),1,0
2025-01-07 11:11:17,14.44,True,False,(-4.17, 1.87, 2.42),Yellow,(0.05, 0.05, 0.05),1,0
2025-01-07 11:11:17,14.45,True,False,(-4.17, 1.87, 2.42),Yellow,(0.05, 0.05, 0.05),1,0
2025-01-07 11:11:17,14.47,True,False,(-4.18, 1.89, 2.42),Yellow,(0.05, 0.05, 0.05),1,0
2025-01-07 11:11:17,14.48,True,False,(-4.18, 1.89, 2.42),Yellow,(0.05, 0.05, 0.05),1,0
2025-01-07 11:11:17,14.50,True,False,(-4.18, 1.89, 2.42),Yellow,(0.05, 0.05, 0.05),1,0
2025-01-07 11:11:17,14.51,True,False,(-4.18, 1.89, 2.42),Yellow,(0.05, 0.05, 0.05),1,0
2025-01-07 11:11:17,14.52,True,False,(-4.18, 1.89, 2.42),Yellow,(0.05, 0.05, 0.05),1,0
2025-01-07 11:11:17,14.54,True,False,(-4.17, 1.88, 2.42),Yellow,(0.05, 0.05, 0.05),1,0
2025-01-07 11:11:17,14.55,True,False,(-4.17, 1.88, 2.42),Yellow,(0.05, 0.05, 0.05),1,0
2025-01-07 11:11:17,14.56,True,False,(-4.18, 1.88, 2.42),Yellow,(0.05, 0.05, 0.05),1,0
2025-01-07 11:11:17,14.58,True,False,(-4.18, 1.88, 2.42),Yellow,(0.05, 0.05, 0.05),1,0
2025-01-07 11:11:17,14.59,True,False,(-4.18, 1.88, 2.42),Yellow,(0.05, 0.05, 0.05),1,0
2025-01-07 11:11:17,14.61,True,False,(-4.18, 1.88, 2.42),Yellow,(0.05, 0.05, 0.05),1,0
2025-01-07 11:11:17,14.62,True,False,(-4.18, 1.88, 2.42),Yellow,(0.05, 0.05, 0.05),1,0
2025-01-07 11:11:17,14.63,True,False,(-4.18, 1.88, 2.42),Yellow,(0.05, 0.05, 0.05),1,0
2025-01-07 11:11:17,14.65,True,False,(-4.18, 1.88, 2.42),Yellow,(0.05, 0.05, 0.05),1,0
2025-01-07 11:11:17,14.66,True,False,(-4.18, 1.88, 2.42),Yellow,(0.05, 0.05, 0.05),1,0
2025-01-07 11:11:17,14.68,True,False,(-4.19, 1.86, 2.42),Yellow,(0.05, 0.05, 0.05),1,0
2025-01-07 11:11:17,14.69,True,False,(-4.19, 1.86, 2.42),Yellow,(0.05, 0.05, 0.05),1,0
2025-01-07 11:11:17,14.71,True,False,(-4.18, 1.86, 2.42),Yellow,(0.05, 0.05, 0.05),1,0
2025-01-07 11:11:17,14.72,True,False,(-4.18, 1.86, 2.42),Yellow,(0.05, 0.05, 0.05),1,0
2025-01-07 11:11:17,14.73,True,False,(-4.18, 1.86, 2.42),Yellow,(0.05, 0.05, 0.05),1,0
2025-01-07 11:11:17,14.75,True,False,(-4.19, 1.88, 2.42),Yellow,(0.05, 0.05, 0.05),1,0
2025-01-07 11:11:17,14.76,True,False,(-4.19, 1.88, 2.42),Yellow,(0.05, 0.05, 0.05),1,0
2025-01-07 11:11:17,14.84,True,False,(-4.18, 1.88, 2.42),Yellow,(0.05, 0.05, 0.05),1,0
